pic,source_file,CY_index,h11,h21,rk_bk,sq_bk,dp_bk,bk_match,hodge_match,rankS,h11_minus_rankS,pic_expected,kernel_dim_match,pic1_scale_k
1,Example_Files/Y.v06.txt,1,2,86,1,1,4,True,True,1,1,1,True,1.0
1,Example_Files/Y.v06.txt,2,2,128,1,1,2,True,True,1,1,1,True,3.0
1,Example_Files/Y.v06.txt,3,2,74,1,1,6,True,True,1,1,1,True,6.0
1,Example_Files/Y.v06.txt,4,5,50,4,9,27,True,True,4,1,1,True,1.0
1,Example_Files/Y.v06.txt,5,4,52,3,6,24,True,True,3,1,1,True,2.0
1,Example_Files/Y.v06.txt,6,3,69,2,3,12,True,True,2,1,1,True,2.0
1,Example_Files/Y.v06.txt,7,3,99,2,3,6,True,True,2,1,1,True,6.0
2,Example_Files/Y.v07.txt,1,3,73,1,1,2,True,True,1,2,2,True,
2,Example_Files/Y.v07.txt,2,3,57,1,1,4,True,True,1,2,2,True,
2,Example_Files/Y.v07.txt,3,3,69,1,1,4,True,True,1,2,2,True,
2,Example_Files/Y.v07.txt,4,3,99,1,1,2,True,True,1,2,2,True,
2,Example_Files/Y.v07.txt,5,3,99,1,1,4,True,True,1,2,2,True,
2,Example_Files/Y.v07.txt,6,3,99,1,1,2,True,True,1,2,2,True,
2,Example_Files/Y.v07.txt,7,3,75,1,1,3,True,True,1,2,2,True,
2,Example_Files/Y.v07.txt,8,3,75,1,1,2,True,True,1,2,2,True,
2,Example_Files/Y.v07.txt,9,3,73,1,1,4,True,True,1,2,2,True,
2,Example_Files/Y.v07.txt,10,3,81,1,1,2,True,True,1,2,2,True,
2,Example_Files/Y.v07.txt,11,3,75,1,1,3,True,True,1,2,2,True,
2,Example_Files/Y.v07.txt,12,3,69,1,1,4,True,True,1,2,2,True,
2,Example_Files/Y.v07.txt,14,3,69,1,1,4,True,True,1,2,2,True,
2,Example_Files/Y.v07.txt,15,3,75,1,1,2,True,True,1,2,2,True,
2,Example_Files/Y.v07.txt,16,3,75,1,1,4,True,True,1,2,2,True,
2,Example_Files/Y.v07.txt,17,3,69,1,1,4,True,True,1,2,2,True,
2,Example_Files/Y.v07.txt,18,3,63,1,1,6,True,True,1,2,2,True,
1,Example_Files/Y.v07.txt,19,3,72,2,2,6,True,True,2,1,1,True,1.0
2,Example_Files/Y.v07.txt,20,3,79,1,1,5,True,True,1,2,2,True,
2,Example_Files/Y.v07.txt,21,3,99,1,1,2,True,True,1,2,2,True,
2,Example_Files/Y.v07.txt,22,3,69,1,1,4,True,True,1,2,2,True,
2,Example_Files/Y.v07.txt,23,3,85,1,1,2,True,True,1,2,2,True,
2,Example_Files/Y.v07.txt,24,3,85,1,1,2,True,True,1,2,2,True,
2,Example_Files/Y.v07.txt,25,3,69,1,1,4,True,True,1,2,2,True,
2,Example_Files/Y.v07.txt,26,3,84,1,1,3,True,True,1,2,2,True,
2,Example_Files/Y.v07.txt,28,3,81,1,1,3,True,True,1,2,2,True,
2,Example_Files/Y.v07.txt,29,3,73,1,1,6,True,True,1,2,2,True,
2,Example_Files/Y.v07.txt,31,3,111,1,1,2,True,True,1,2,2,True,
2,Example_Files/Y.v07.txt,32,3,111,1,1,2,True,True,1,2,2,True,
2,Example_Files/Y.v07.txt,34,3,115,1,1,2,True,True,1,2,2,True,
1,Example_Files/Y.v07.txt,35,5,59,4,6,18,True,True,4,1,1,True,1.0
1,Example_Files/Y.v07.txt,36,4,61,3,5,15,True,True,3,1,1,True,1.0
2,Example_Files/Y.v07.txt,37,3,127,1,1,2,True,True,1,2,2,True,
2,Example_Files/Y.v07.txt,38,3,115,1,1,2,True,True,1,2,2,True,
2,Example_Files/Y.v07.txt,39,3,99,1,1,2,True,True,1,2,2,True,
2,Example_Files/Y.v07.txt,40,3,99,1,1,2,True,True,1,2,2,True,
1,Example_Files/Y.v07.txt,41,5,81,4,6,12,True,True,4,1,1,True,2.0
2,Example_Files/Y.v08.txt,3,4,56,2,3,8,True,True,2,2,2,True,
2,Example_Files/Y.v08.txt,6,4,64,2,2,4,True,True,2,2,2,True,
2,Example_Files/Y.v08.txt,9,4,44,2,2,4,True,True,2,2,2,True,
2,Example_Files/Y.v08.txt,11,4,58,2,3,12,True,True,2,2,2,True,
2,Example_Files/Y.v08.txt,13,4,97,2,3,5,True,True,2,2,2,True,
2,Example_Files/Y.v08.txt,16,4,80,2,3,12,True,True,2,2,2,True,
2,Example_Files/Y.v08.txt,17,4,64,2,3,6,True,True,2,2,2,True,
1,Example_Files/Y.v08.txt,18,4,70,3,3,9,True,True,3,1,1,True,1.0
2,Example_Files/Y.v08.txt,33,4,72,2,3,6,True,True,2,2,2,True,
2,Example_Files/Y.v08.txt,37,4,60,2,2,4,True,True,2,2,2,True,
2,Example_Files/Y.v08.txt,41,4,56,2,2,6,True,True,2,2,2,True,
2,Example_Files/Y.v08.txt,47,4,64,2,3,8,True,True,2,2,2,True,
2,Example_Files/Y.v08.txt,57,4,56,2,3,10,True,True,2,2,2,True,
2,Example_Files/Y.v08.txt,61,4,64,2,2,8,True,True,2,2,2,True,
2,Example_Files/Y.v08.txt,64,4,64,2,3,10,True,True,2,2,2,True,
2,Example_Files/Y.v08.txt,68,4,64,2,3,6,True,True,2,2,2,True,
2,Example_Files/Y.v08.txt,72,4,64,2,2,5,True,True,2,2,2,True,
2,Example_Files/Y.v08.txt,80,4,60,2,2,6,True,True,2,2,2,True,
2,Example_Files/Y.v08.txt,86,4,73,2,2,6,True,True,2,2,2,True,
2,Example_Files/Y.v08.txt,91,4,64,2,2,6,True,True,2,2,2,True,
2,Example_Files/Y.v08.txt,97,4,64,2,2,6,True,True,2,2,2,True,
2,Example_Files/Y.v08.txt,101,4,68,2,2,6,True,True,2,2,2,True,
2,Example_Files/Y.v08.txt,103,4,67,2,3,7,True,True,2,2,2,True,
2,Example_Files/Y.v08.txt,106,4,58,2,3,10,True,True,2,2,2,True,
2,Example_Files/Y.v08.txt,111,4,68,2,2,4,True,True,2,2,2,True,
2,Example_Files/Y.v08.txt,113,4,60,2,2,8,True,True,2,2,2,True,
2,Example_Files/Y.v08.txt,114,4,68,2,2,4,True,True,2,2,2,True,
2,Example_Files/Y.v08.txt,115,4,61,2,2,6,True,True,2,2,2,True,
2,Example_Files/Y.v08.txt,120,4,64,2,2,6,True,True,2,2,2,True,
2,Example_Files/Y.v08.txt,121,4,64,2,2,6,True,True,2,2,2,True,
2,Example_Files/Y.v08.txt,137,4,82,2,3,4,True,True,2,2,2,True,
2,Example_Files/Y.v08.txt,138,4,82,2,3,6,True,True,2,2,2,True,
1,Example_Files/Y.v08.txt,139,4,98,3,3,6,True,True,3,1,1,True,2.0
2,Example_Files/Y.v08.txt,144,4,74,2,2,4,True,True,2,2,2,True,
2,Example_Files/Y.v08.txt,151,4,74,2,2,5,True,True,2,2,2,True,
2,Example_Files/Y.v08.txt,157,4,68,2,3,12,True,True,2,2,2,True,
2,Example_Files/Y.v08.txt,175,4,68,2,2,6,True,True,2,2,2,True,
2,Example_Files/Y.v08.txt,182,4,88,2,3,4,True,True,2,2,2,True,
2,Example_Files/Y.v08.txt,185,4,68,2,3,6,True,True,2,2,2,True,
2,Example_Files/Y.v08.txt,188,4,64,2,2,4,True,True,2,2,2,True,
2,Example_Files/Y.v08.txt,207,4,56,2,2,8,True,True,2,2,2,True,
2,Example_Files/Y.v08.txt,208,4,98,2,2,4,True,True,2,2,2,True,
2,Example_Files/Y.v08.txt,220,4,67,2,3,7,True,True,2,2,2,True,
2,Example_Files/Y.v08.txt,232,4,52,2,2,8,True,True,2,2,2,True,
2,Example_Files/Y.v08.txt,235,4,68,2,2,6,True,True,2,2,2,True,
2,Example_Files/Y.v08.txt,241,4,52,2,2,8,True,True,2,2,2,True,
2,Example_Files/Y.v08.txt,249,4,98,2,3,6,True,True,2,2,2,True,
2,Example_Files/Y.v08.txt,250,6,46,4,9,24,True,True,4,2,2,True,
1,Example_Files/Y.v08.txt,251,12,28,11,24,48,True,True,11,1,1,True,1.0
2,Example_Files/Y.v08.txt,256,4,110,2,2,4,True,True,2,2,2,True,
2,Example_Files/Y.v08.txt,261,4,94,2,2,4,True,True,2,2,2,True,
2,Example_Files/Y.v08.txt,265,4,82,2,2,4,True,True,2,2,2,True,
2,Example_Files/Y.v08.txt,266,4,94,2,2,4,True,True,2,2,2,True,
2,Example_Files/Y.v08.txt,278,4,70,2,2,4,True,True,2,2,2,True,
2,Example_Files/Y.v08.txt,284,4,98,2,2,4,True,True,2,2,2,True,
2,Example_Files/Y.v08.txt,286,5,55,3,3,12,True,True,3,2,2,True,
2,Example_Files/Y.v08.txt,300,4,98,2,2,4,True,True,2,2,2,True,
2,Example_Files/Y.v08.txt,302,4,98,2,2,4,True,True,2,2,2,True,
2,Example_Files/Y.v09.txt,14,5,50,3,5,13,True,True,3,2,2,True,
2,Example_Files/Y.v09.txt,16,5,54,3,3,8,True,True,3,2,2,True,
2,Example_Files/Y.v09.txt,19,5,65,3,6,24,True,True,3,2,2,True,
2,Example_Files/Y.v09.txt,30,5,53,3,3,6,True,True,3,2,2,True,
2,Example_Files/Y.v09.txt,31,5,50,3,5,11,True,True,3,2,2,True,
2,Example_Files/Y.v09.txt,32,5,59,3,3,6,True,True,3,2,2,True,
2,Example_Files/Y.v09.txt,35,5,56,3,5,9,True,True,3,2,2,True,
2,Example_Files/Y.v09.txt,36,5,56,3,5,13,True,True,3,2,2,True,
2,Example_Files/Y.v09.txt,49,5,75,3,3,11,True,True,3,2,2,True,
2,Example_Files/Y.v09.txt,52,5,74,3,5,11,True,True,3,2,2,True,
2,Example_Files/Y.v09.txt,54,5,63,3,3,6,True,True,3,2,2,True,
2,Example_Files/Y.v09.txt,59,5,59,3,3,9,True,True,3,2,2,True,
2,Example_Files/Y.v09.txt,68,5,51,3,6,24,True,True,3,2,2,True,
2,Example_Files/Y.v09.txt,71,5,69,3,3,6,True,True,3,2,2,True,
2,Example_Files/Y.v09.txt,73,5,65,3,6,24,True,True,3,2,2,True,
2,Example_Files/Y.v09.txt,157,5,59,3,4,8,True,True,3,2,2,True,
2,Example_Files/Y.v09.txt,161,5,53,3,3,8,True,True,3,2,2,True,
2,Example_Files/Y.v09.txt,205,5,53,3,4,9,True,True,3,2,2,True,
2,Example_Files/Y.v09.txt,215,5,55,3,5,12,True,True,3,2,2,True,
2,Example_Files/Y.v09.txt,216,5,63,3,3,7,True,True,3,2,2,True,
2,Example_Files/Y.v09.txt,220,5,55,3,6,12,True,True,3,2,2,True,
2,Example_Files/Y.v09.txt,224,5,59,3,3,8,True,True,3,2,2,True,
2,Example_Files/Y.v09.txt,295,5,43,3,4,8,True,True,3,2,2,True,
2,Example_Files/Y.v09.txt,315,5,57,3,4,10,True,True,3,2,2,True,
2,Example_Files/Y.v09.txt,378,5,59,3,3,8,True,True,3,2,2,True,
2,Example_Files/Y.v09.txt,380,5,53,3,5,13,True,True,3,2,2,True,
2,Example_Files/Y.v09.txt,406,5,62,3,3,9,True,True,3,2,2,True,
2,Example_Files/Y.v09.txt,411,5,63,3,3,8,True,True,3,2,2,True,
2,Example_Files/Y.v09.txt,429,5,56,3,5,13,True,True,3,2,2,True,
2,Example_Files/Y.v09.txt,441,5,56,3,5,13,True,True,3,2,2,True,
2,Example_Files/Y.v09.txt,453,5,57,3,4,12,True,True,3,2,2,True,
2,Example_Files/Y.v09.txt,486,5,59,3,5,10,True,True,3,2,2,True,
2,Example_Files/Y.v09.txt,495,5,59,3,4,10,True,True,3,2,2,True,
2,Example_Files/Y.v09.txt,496,5,55,3,3,8,True,True,3,2,2,True,
2,Example_Files/Y.v09.txt,499,5,51,3,3,6,True,True,3,2,2,True,
2,Example_Files/Y.v09.txt,509,5,55,3,3,8,True,True,3,2,2,True,
2,Example_Files/Y.v09.txt,515,5,51,3,3,6,True,True,3,2,2,True,
2,Example_Files/Y.v09.txt,516,5,55,3,3,6,True,True,3,2,2,True,
2,Example_Files/Y.v09.txt,531,5,51,3,4,8,True,True,3,2,2,True,
2,Example_Files/Y.v09.txt,532,5,53,3,5,14,True,True,3,2,2,True,
2,Example_Files/Y.v09.txt,550,5,53,3,3,9,True,True,3,2,2,True,
2,Example_Files/Y.v09.txt,562,5,53,3,4,8,True,True,3,2,2,True,
2,Example_Files/Y.v09.txt,568,5,51,3,4,10,True,True,3,2,2,True,
2,Example_Files/Y.v09.txt,570,5,55,3,5,14,True,True,3,2,2,True,
2,Example_Files/Y.v09.txt,584,5,57,3,4,8,True,True,3,2,2,True,
2,Example_Files/Y.v09.txt,620,5,60,3,4,8,True,True,3,2,2,True,
2,Example_Files/Y.v09.txt,628,5,59,3,4,8,True,True,3,2,2,True,
2,Example_Files/Y.v09.txt,629,5,59,3,3,8,True,True,3,2,2,True,
1,Example_Files/Y.v09.txt,635,5,55,4,4,10,True,True,4,1,1,True,1.0
2,Example_Files/Y.v09.txt,637,5,53,3,3,9,True,True,3,2,2,True,
2,Example_Files/Y.v09.txt,649,5,85,3,3,6,True,True,3,2,2,True,
2,Example_Files/Y.v09.txt,659,5,77,3,6,9,True,True,3,2,2,True,
2,Example_Files/Y.v09.txt,674,5,63,3,5,10,True,True,3,2,2,True,
2,Example_Files/Y.v09.txt,681,5,69,3,3,6,True,True,3,2,2,True,
2,Example_Files/Y.v09.txt,707,5,47,3,5,16,True,True,3,2,2,True,
2,Example_Files/Y.v09.txt,714,5,57,3,5,14,True,True,3,2,2,True,
2,Example_Files/Y.v09.txt,725,5,53,3,3,9,True,True,3,2,2,True,
2,Example_Files/Y.v09.txt,750,5,73,3,5,7,True,True,3,2,2,True,
2,Example_Files/Y.v09.txt,787,5,73,3,4,6,True,True,3,2,2,True,
2,Example_Files/Y.v09.txt,833,5,63,3,3,6,True,True,3,2,2,True,
2,Example_Files/Y.v09.txt,835,5,63,3,6,12,True,True,3,2,2,True,
2,Example_Files/Y.v09.txt,836,5,63,3,3,6,True,True,3,2,2,True,
2,Example_Files/Y.v09.txt,848,5,59,3,3,6,True,True,3,2,2,True,
2,Example_Files/Y.v09.txt,849,5,59,3,3,6,True,True,3,2,2,True,
2,Example_Files/Y.v09.txt,850,5,47,3,6,18,True,True,3,2,2,True,
2,Example_Files/Y.v09.txt,865,5,53,3,3,9,True,True,3,2,2,True,
2,Example_Files/Y.v09.txt,869,5,63,3,3,7,True,True,3,2,2,True,
2,Example_Files/Y.v09.txt,1002,5,66,3,5,9,True,True,3,2,2,True,
2,Example_Files/Y.v09.txt,1029,5,66,3,4,9,True,True,3,2,2,True,
2,Example_Files/Y.v09.txt,1041,5,68,3,5,7,True,True,3,2,2,True,
2,Example_Files/Y.v09.txt,1054,5,67,3,3,8,True,True,3,2,2,True,
2,Example_Files/Y.v09.txt,1056,5,55,3,3,10,True,True,3,2,2,True,
2,Example_Files/Y.v09.txt,1064,5,47,3,4,10,True,True,3,2,2,True,
2,Example_Files/Y.v09.txt,1068,5,67,3,3,6,True,True,3,2,2,True,
2,Example_Files/Y.v09.txt,1072,5,63,3,4,8,True,True,3,2,2,True,
2,Example_Files/Y.v09.txt,1075,5,51,3,4,10,True,True,3,2,2,True,
2,Example_Files/Y.v09.txt,1095,5,63,3,4,8,True,True,3,2,2,True,
2,Example_Files/Y.v09.txt,1130,5,51,3,3,10,True,True,3,2,2,True,
1,Example_Files/Y.v09.txt,1163,11,29,10,18,36,True,True,10,1,1,True,2.0
2,Example_Files/Y.v09.txt,1188,5,81,3,3,6,True,True,3,2,2,True,
2,Example_Files/Y.v09.txt,1201,5,93,3,3,6,True,True,3,2,2,True,
2,Example_Files/Y.v09.txt,1206,5,77,3,3,6,True,True,3,2,2,True,
2,Example_Files/Y.v09.txt,1244,5,69,3,3,6,True,True,3,2,2,True,
2,Example_Files/Y.v09.txt,1248,5,81,3,4,8,True,True,3,2,2,True,
2,Example_Files/Y.v09.txt,1254,5,97,3,3,6,True,True,3,2,2,True,
2,Example_Files/Y.v09.txt,1259,5,81,3,4,8,True,True,3,2,2,True,
2,Example_Files/Y.v09.txt,1303,8,40,6,13,28,True,True,6,2,2,True,
1,Example_Files/Y.v09.txt,1304,10,34,9,18,36,True,True,9,1,1,True,1.0
2,Example_Files/Y.v09.txt,1313,5,93,3,3,6,True,True,3,2,2,True,
2,Example_Files/Y.v09.txt,1338,5,97,3,3,6,True,True,3,2,2,True,
2,Example_Files/Y.v10.txt,4,6,57,4,9,15,True,True,4,2,2,True,
2,Example_Files/Y.v10.txt,11,6,52,4,4,11,True,True,4,2,2,True,
2,Example_Files/Y.v10.txt,16,6,55,4,8,15,True,True,4,2,2,True,
2,Example_Files/Y.v10.txt,17,6,45,4,9,21,True,True,4,2,2,True,
2,Example_Files/Y.v10.txt,22,6,53,4,5,10,True,True,4,2,2,True,
2,Example_Files/Y.v10.txt,24,6,52,4,4,8,True,True,4,2,2,True,
2,Example_Files/Y.v10.txt,30,6,49,4,7,15,True,True,4,2,2,True,
2,Example_Files/Y.v10.txt,43,6,46,4,5,10,True,True,4,2,2,True,
2,Example_Files/Y.v10.txt,45,6,60,4,6,20,True,True,4,2,2,True,
2,Example_Files/Y.v10.txt,49,6,54,4,6,16,True,True,4,2,2,True,
2,Example_Files/Y.v10.txt,50,6,48,4,6,14,True,True,4,2,2,True,
2,Example_Files/Y.v10.txt,52,6,59,4,6,10,True,True,4,2,2,True,
2,Example_Files/Y.v10.txt,69,6,43,4,6,13,True,True,4,2,2,True,
2,Example_Files/Y.v10.txt,74,6,49,4,7,17,True,True,4,2,2,True,
1,Example_Files/Y.v10.txt,79,6,50,5,7,14,True,True,5,1,1,True,1.0
2,Example_Files/Y.v10.txt,89,6,50,4,4,8,True,True,4,2,2,True,
2,Example_Files/Y.v10.txt,105,6,76,4,4,8,True,True,4,2,2,True,
2,Example_Files/Y.v10.txt,130,6,70,4,5,10,True,True,4,2,2,True,
2,Example_Files/Y.v10.txt,131,6,72,4,6,14,True,True,4,2,2,True,
2,Example_Files/Y.v10.txt,140,6,58,4,5,11,True,True,4,2,2,True,
2,Example_Files/Y.v10.txt,154,6,76,4,5,10,True,True,4,2,2,True,
2,Example_Files/Y.v10.txt,155,6,68,4,4,8,True,True,4,2,2,True,
2,Example_Files/Y.v10.txt,168,6,49,4,8,13,True,True,4,2,2,True,
2,Example_Files/Y.v10.txt,174,6,68,4,4,8,True,True,4,2,2,True,
2,Example_Files/Y.v10.txt,367,6,52,4,4,10,True,True,4,2,2,True,
2,Example_Files/Y.v10.txt,461,6,58,4,6,10,True,True,4,2,2,True,
2,Example_Files/Y.v10.txt,470,6,52,4,7,15,True,True,4,2,2,True,
2,Example_Files/Y.v10.txt,496,6,52,4,6,10,True,True,4,2,2,True,
2,Example_Files/Y.v10.txt,537,6,52,4,4,8,True,True,4,2,2,True,
2,Example_Files/Y.v10.txt,624,6,52,4,4,10,True,True,4,2,2,True,
2,Example_Files/Y.v10.txt,735,6,48,4,6,13,True,True,4,2,2,True,
2,Example_Files/Y.v10.txt,771,6,52,4,4,11,True,True,4,2,2,True,
2,Example_Files/Y.v10.txt,786,6,54,4,5,8,True,True,4,2,2,True,
2,Example_Files/Y.v10.txt,792,6,52,4,5,10,True,True,4,2,2,True,
2,Example_Files/Y.v10.txt,808,6,58,4,6,12,True,True,4,2,2,True,
2,Example_Files/Y.v10.txt,893,6,46,4,8,20,True,True,4,2,2,True,
2,Example_Files/Y.v10.txt,965,6,55,4,7,15,True,True,4,2,2,True,
2,Example_Files/Y.v10.txt,978,6,55,4,6,15,True,True,4,2,2,True,
2,Example_Files/Y.v10.txt,1028,6,50,4,5,12,True,True,4,2,2,True,
2,Example_Files/Y.v10.txt,1086,6,58,4,6,12,True,True,4,2,2,True,
2,Example_Files/Y.v10.txt,1150,6,46,4,6,18,True,True,4,2,2,True,
2,Example_Files/Y.v10.txt,1207,6,54,4,7,16,True,True,4,2,2,True,
2,Example_Files/Y.v10.txt,1208,6,54,4,5,10,True,True,4,2,2,True,
2,Example_Files/Y.v10.txt,1215,6,50,4,6,12,True,True,4,2,2,True,
2,Example_Files/Y.v10.txt,1216,6,50,4,6,12,True,True,4,2,2,True,
2,Example_Files/Y.v10.txt,1245,6,52,4,7,16,True,True,4,2,2,True,
2,Example_Files/Y.v10.txt,1300,6,50,4,4,8,True,True,4,2,2,True,
2,Example_Files/Y.v10.txt,1305,6,50,4,6,12,True,True,4,2,2,True,
2,Example_Files/Y.v10.txt,1314,6,50,4,5,10,True,True,4,2,2,True,
2,Example_Files/Y.v10.txt,1316,6,50,4,4,12,True,True,4,2,2,True,
2,Example_Files/Y.v10.txt,1377,6,42,4,7,12,True,True,4,2,2,True,
2,Example_Files/Y.v10.txt,1492,6,52,4,8,16,True,True,4,2,2,True,
2,Example_Files/Y.v10.txt,1497,6,42,4,7,14,True,True,4,2,2,True,
2,Example_Files/Y.v10.txt,1509,6,48,4,5,10,True,True,4,2,2,True,
2,Example_Files/Y.v10.txt,1514,6,48,4,6,10,True,True,4,2,2,True,
2,Example_Files/Y.v10.txt,1520,6,50,4,5,9,True,True,4,2,2,True,
2,Example_Files/Y.v10.txt,1523,6,42,4,6,12,True,True,4,2,2,True,
2,Example_Files/Y.v10.txt,1536,6,50,4,4,9,True,True,4,2,2,True,
2,Example_Files/Y.v10.txt,1538,6,48,4,7,16,True,True,4,2,2,True,
2,Example_Files/Y.v10.txt,1542,6,54,4,5,10,True,True,4,2,2,True,
2,Example_Files/Y.v10.txt,1543,6,50,4,6,12,True,True,4,2,2,True,
2,Example_Files/Y.v10.txt,1548,6,54,4,6,10,True,True,4,2,2,True,
2,Example_Files/Y.v10.txt,1639,6,54,4,4,10,True,True,4,2,2,True,
1,Example_Files/Y.v10.txt,1649,6,50,5,5,14,True,True,5,1,1,True,1.0
2,Example_Files/Y.v10.txt,1672,6,50,4,6,12,True,True,4,2,2,True,
2,Example_Files/Y.v10.txt,1719,6,50,4,5,10,True,True,4,2,2,True,
2,Example_Files/Y.v10.txt,1730,6,52,4,6,11,True,True,4,2,2,True,
2,Example_Files/Y.v10.txt,1753,6,52,4,4,8,True,True,4,2,2,True,
1,Example_Files/Y.v10.txt,1770,6,54,5,6,12,True,True,5,1,1,True,1.0
1,Example_Files/Y.v10.txt,1777,6,54,5,6,12,True,True,5,1,1,True,1.0
2,Example_Files/Y.v10.txt,1779,6,50,4,8,16,True,True,4,2,2,True,
2,Example_Files/Y.v10.txt,1812,6,50,4,5,10,True,True,4,2,2,True,
2,Example_Files/Y.v10.txt,1823,6,50,4,7,16,True,True,4,2,2,True,
2,Example_Files/Y.v10.txt,1836,6,42,4,6,12,True,True,4,2,2,True,
1,Example_Files/Y.v10.txt,1860,6,46,5,6,12,True,True,5,1,1,True,2.0
2,Example_Files/Y.v10.txt,1869,6,50,4,4,8,True,True,4,2,2,True,
2,Example_Files/Y.v10.txt,1936,6,84,4,4,8,True,True,4,2,2,True,
2,Example_Files/Y.v10.txt,2059,6,49,4,4,10,True,True,4,2,2,True,
2,Example_Files/Y.v10.txt,2079,6,51,4,6,18,True,True,4,2,2,True,
2,Example_Files/Y.v10.txt,2147,6,72,4,6,9,True,True,4,2,2,True,
2,Example_Files/Y.v10.txt,2220,6,62,4,8,12,True,True,4,2,2,True,
2,Example_Files/Y.v10.txt,2227,6,72,4,5,8,True,True,4,2,2,True,
2,Example_Files/Y.v10.txt,2325,6,62,4,6,9,True,True,4,2,2,True,
2,Example_Files/Y.v10.txt,2403,6,52,4,7,11,True,True,4,2,2,True,
2,Example_Files/Y.v10.txt,2412,6,58,4,6,10,True,True,4,2,2,True,
2,Example_Files/Y.v10.txt,2414,6,52,4,6,11,True,True,4,2,2,True,
2,Example_Files/Y.v10.txt,2465,6,52,4,5,10,True,True,4,2,2,True,
2,Example_Files/Y.v10.txt,2495,6,52,4,6,15,True,True,4,2,2,True,
2,Example_Files/Y.v10.txt,2731,6,76,4,4,8,True,True,4,2,2,True,
2,Example_Files/Y.v10.txt,3024,6,50,4,5,12,True,True,4,2,2,True,
2,Example_Files/Y.v10.txt,3050,6,52,4,5,10,True,True,4,2,2,True,
2,Example_Files/Y.v10.txt,3059,6,42,4,6,14,True,True,4,2,2,True,
2,Example_Files/Y.v10.txt,3075,6,62,4,5,10,True,True,4,2,2,True,
2,Example_Files/Y.v10.txt,3079,6,58,4,6,12,True,True,4,2,2,True,
2,Example_Files/Y.v10.txt,3087,6,54,4,4,8,True,True,4,2,2,True,
2,Example_Files/Y.v10.txt,3105,6,46,4,6,12,True,True,4,2,2,True,
2,Example_Files/Y.v10.txt,3165,6,54,4,4,8,True,True,4,2,2,True,
2,Example_Files/Y.v10.txt,3168,6,46,4,5,12,True,True,4,2,2,True,
2,Example_Files/Y.v10.txt,3303,6,58,4,5,10,True,True,4,2,2,True,
2,Example_Files/Y.v10.txt,3311,6,50,4,5,12,True,True,4,2,2,True,
2,Example_Files/Y.v10.txt,3344,6,46,4,6,14,True,True,4,2,2,True,
2,Example_Files/Y.v10.txt,3371,6,68,4,4,8,True,True,4,2,2,True,
2,Example_Files/Y.v10.txt,3388,6,52,4,4,10,True,True,4,2,2,True,
2,Example_Files/Y.v10.txt,3455,8,40,6,9,20,True,True,6,2,2,True,
1,Example_Files/Y.v10.txt,3456,10,30,9,13,26,True,True,9,1,1,True,2.0
1,Example_Files/Y.v10.txt,3457,10,30,9,12,24,True,True,9,1,1,True,2.0
1,Example_Files/Y.v10.txt,3458,10,30,9,12,24,True,True,9,1,1,True,2.0
2,Example_Files/Y.v10.txt,3459,7,41,5,9,20,True,True,5,2,2,True,
1,Example_Files/Y.v10.txt,3460,10,30,9,13,26,True,True,9,1,1,True,2.0
2,Example_Files/Y.v10.txt,3466,6,72,4,6,9,True,True,4,2,2,True,
2,Example_Files/Y.v10.txt,3538,6,72,4,6,9,True,True,4,2,2,True,
2,Example_Files/Y.v10.txt,3611,6,80,4,5,10,True,True,4,2,2,True,
2,Example_Files/Y.v10.txt,3612,6,80,4,5,10,True,True,4,2,2,True,
2,Example_Files/Y.v10.txt,3729,7,44,5,12,27,True,True,5,2,2,True,
1,Example_Files/Y.v10.txt,3754,9,35,8,13,26,True,True,8,1,1,True,2.0
1,Example_Files/Y.v10.txt,3755,9,39,8,14,28,True,True,8,1,1,True,1.0
1,Example_Files/Y.v10.txt,3756,9,35,8,13,26,True,True,8,1,1,True,2.0
1,Example_Files/Y.v10.txt,3757,8,40,7,13,26,True,True,7,1,1,True,1.0
1,Example_Files/Y.v10.txt,3758,7,45,6,9,20,True,True,6,1,1,True,1.0
1,Example_Files/Y.v10.txt,3811,9,35,8,12,24,True,True,8,1,1,True,2.0
2,Example_Files/Y.v10.txt,3812,8,40,6,14,28,True,True,6,2,2,True,
2,Example_Files/Y.v11.txt,8,7,53,5,7,12,True,True,5,2,2,True,
2,Example_Files/Y.v11.txt,23,7,51,5,6,13,True,True,5,2,2,True,
2,Example_Files/Y.v11.txt,38,7,42,5,8,17,True,True,5,2,2,True,
2,Example_Files/Y.v11.txt,48,7,41,5,5,10,True,True,5,2,2,True,
2,Example_Files/Y.v11.txt,49,7,56,5,8,21,True,True,5,2,2,True,
2,Example_Files/Y.v11.txt,51,7,55,5,6,16,True,True,5,2,2,True,
2,Example_Files/Y.v11.txt,53,7,47,5,8,18,True,True,5,2,2,True,
2,Example_Files/Y.v11.txt,70,7,48,5,9,19,True,True,5,2,2,True,
2,Example_Files/Y.v11.txt,78,7,45,5,9,18,True,True,5,2,2,True,
2,Example_Files/Y.v11.txt,80,7,55,5,10,26,True,True,5,2,2,True,
2,Example_Files/Y.v11.txt,97,7,45,5,6,12,True,True,5,2,2,True,
1,Example_Files/Y.v11.txt,100,7,49,6,8,16,True,True,6,1,1,True,1.0
2,Example_Files/Y.v11.txt,109,7,45,5,6,12,True,True,5,2,2,True,
2,Example_Files/Y.v11.txt,110,7,41,5,6,12,True,True,5,2,2,True,
1,Example_Files/Y.v11.txt,112,7,45,6,10,20,True,True,6,1,1,True,1.0
2,Example_Files/Y.v11.txt,142,7,41,5,9,18,True,True,5,2,2,True,
2,Example_Files/Y.v11.txt,159,7,47,5,6,8,True,True,5,2,2,True,
2,Example_Files/Y.v11.txt,171,7,67,5,5,10,True,True,5,2,2,True,
2,Example_Files/Y.v11.txt,175,7,75,5,5,10,True,True,5,2,2,True,
2,Example_Files/Y.v11.txt,231,7,65,5,8,12,True,True,5,2,2,True,
2,Example_Files/Y.v11.txt,232,7,57,5,7,13,True,True,5,2,2,True,
2,Example_Files/Y.v11.txt,255,7,52,5,6,12,True,True,5,2,2,True,
2,Example_Files/Y.v11.txt,260,7,71,5,5,10,True,True,5,2,2,True,
2,Example_Files/Y.v11.txt,262,7,67,5,6,12,True,True,5,2,2,True,
2,Example_Files/Y.v11.txt,269,7,55,5,8,16,True,True,5,2,2,True,
2,Example_Files/Y.v11.txt,278,7,48,5,10,17,True,True,5,2,2,True,
2,Example_Files/Y.v11.txt,286,7,41,5,6,12,True,True,5,2,2,True,
2,Example_Files/Y.v11.txt,289,7,49,5,5,10,True,True,5,2,2,True,
2,Example_Files/Y.v11.txt,611,7,47,5,7,15,True,True,5,2,2,True,
2,Example_Files/Y.v11.txt,698,7,51,5,6,10,True,True,5,2,2,True,
2,Example_Files/Y.v11.txt,729,7,43,5,7,13,True,True,5,2,2,True,
2,Example_Files/Y.v11.txt,891,7,46,5,6,12,True,True,5,2,2,True,
2,Example_Files/Y.v11.txt,939,7,55,5,9,14,True,True,5,2,2,True,
2,Example_Files/Y.v11.txt,998,7,53,5,6,11,True,True,5,2,2,True,
2,Example_Files/Y.v11.txt,1033,7,47,5,8,15,True,True,5,2,2,True,
2,Example_Files/Y.v11.txt,1169,7,39,5,7,10,True,True,5,2,2,True,
2,Example_Files/Y.v11.txt,1230,7,47,5,7,15,True,True,5,2,2,True,
2,Example_Files/Y.v11.txt,1246,7,45,5,8,15,True,True,5,2,2,True,
2,Example_Files/Y.v11.txt,1266,7,47,5,8,15,True,True,5,2,2,True,
2,Example_Files/Y.v11.txt,1329,7,41,5,9,16,True,True,5,2,2,True,
2,Example_Files/Y.v11.txt,1335,7,47,5,6,15,True,True,5,2,2,True,
2,Example_Files/Y.v11.txt,1354,7,51,5,7,12,True,True,5,2,2,True,
2,Example_Files/Y.v11.txt,1390,7,45,5,7,20,True,True,5,2,2,True,
2,Example_Files/Y.v11.txt,1426,7,46,5,5,12,True,True,5,2,2,True,
2,Example_Files/Y.v11.txt,1467,7,45,5,6,15,True,True,5,2,2,True,
2,Example_Files/Y.v11.txt,1475,7,41,5,8,16,True,True,5,2,2,True,
2,Example_Files/Y.v11.txt,1507,7,45,5,7,15,True,True,5,2,2,True,
2,Example_Files/Y.v11.txt,1963,7,37,5,7,8,True,True,5,2,2,True,
2,Example_Files/Y.v11.txt,1964,7,43,5,7,12,True,True,5,2,2,True,
2,Example_Files/Y.v11.txt,1971,7,45,5,5,12,True,True,5,2,2,True,
2,Example_Files/Y.v11.txt,1981,7,41,5,11,20,True,True,5,2,2,True,
2,Example_Files/Y.v11.txt,2257,7,47,5,9,18,True,True,5,2,2,True,
2,Example_Files/Y.v11.txt,2294,7,49,5,6,11,True,True,5,2,2,True,
2,Example_Files/Y.v11.txt,2381,7,45,5,5,11,True,True,5,2,2,True,
2,Example_Files/Y.v11.txt,2410,7,43,5,9,18,True,True,5,2,2,True,
2,Example_Files/Y.v11.txt,2430,7,45,5,7,12,True,True,5,2,2,True,
2,Example_Files/Y.v11.txt,2511,7,47,5,7,12,True,True,5,2,2,True,
2,Example_Files/Y.v11.txt,2544,7,49,5,7,11,True,True,5,2,2,True,
2,Example_Files/Y.v11.txt,2612,7,47,5,6,10,True,True,5,2,2,True,
2,Example_Files/Y.v11.txt,2614,7,49,5,6,11,True,True,5,2,2,True,
2,Example_Files/Y.v11.txt,2678,7,43,5,7,12,True,True,5,2,2,True,
2,Example_Files/Y.v11.txt,2817,7,43,5,9,18,True,True,5,2,2,True,
2,Example_Files/Y.v11.txt,2827,7,43,5,8,12,True,True,5,2,2,True,
2,Example_Files/Y.v11.txt,2877,7,43,5,6,12,True,True,5,2,2,True,
2,Example_Files/Y.v11.txt,2888,7,45,5,6,12,True,True,5,2,2,True,
2,Example_Files/Y.v11.txt,2938,7,47,5,7,12,True,True,5,2,2,True,
2,Example_Files/Y.v11.txt,3054,7,47,5,10,18,True,True,5,2,2,True,
2,Example_Files/Y.v11.txt,3062,7,47,5,9,18,True,True,5,2,2,True,
2,Example_Files/Y.v11.txt,3072,7,49,5,6,11,True,True,5,2,2,True,
2,Example_Files/Y.v11.txt,3215,7,45,5,6,12,True,True,5,2,2,True,
2,Example_Files/Y.v11.txt,3391,7,45,5,10,18,True,True,5,2,2,True,
2,Example_Files/Y.v11.txt,3450,7,59,5,7,11,True,True,5,2,2,True,
2,Example_Files/Y.v11.txt,3469,7,49,5,9,18,True,True,5,2,2,True,
2,Example_Files/Y.v11.txt,3486,7,49,5,6,12,True,True,5,2,2,True,
2,Example_Files/Y.v11.txt,3512,7,47,5,8,15,True,True,5,2,2,True,
2,Example_Files/Y.v11.txt,3514,7,37,5,5,10,True,True,5,2,2,True,
2,Example_Files/Y.v11.txt,3527,7,43,5,9,17,True,True,5,2,2,True,
2,Example_Files/Y.v11.txt,3532,7,45,5,6,11,True,True,5,2,2,True,
2,Example_Files/Y.v11.txt,3594,7,45,5,8,16,True,True,5,2,2,True,
1,Example_Files/Y.v11.txt,3645,7,45,6,7,14,True,True,6,1,1,True,2.0
2,Example_Files/Y.v11.txt,3678,7,49,5,9,18,True,True,5,2,2,True,
2,Example_Files/Y.v11.txt,3790,7,49,5,6,10,True,True,5,2,2,True,
1,Example_Files/Y.v11.txt,3799,7,45,6,7,14,True,True,6,1,1,True,2.0
2,Example_Files/Y.v11.txt,3802,7,41,5,7,14,True,True,5,2,2,True,
1,Example_Files/Y.v11.txt,3822,7,45,6,6,14,True,True,6,1,1,True,2.0
2,Example_Files/Y.v11.txt,4031,7,49,5,5,10,True,True,5,2,2,True,
2,Example_Files/Y.v11.txt,4039,7,37,5,6,12,True,True,5,2,2,True,
2,Example_Files/Y.v11.txt,4041,7,41,5,10,20,True,True,5,2,2,True,
2,Example_Files/Y.v11.txt,4050,7,47,5,9,15,True,True,5,2,2,True,
2,Example_Files/Y.v11.txt,4114,7,45,5,6,11,True,True,5,2,2,True,
2,Example_Files/Y.v11.txt,4174,7,44,5,5,12,True,True,5,2,2,True,
2,Example_Files/Y.v11.txt,4354,7,55,5,8,12,True,True,5,2,2,True,
2,Example_Files/Y.v11.txt,4462,7,41,5,6,12,True,True,5,2,2,True,
2,Example_Files/Y.v11.txt,4489,7,56,5,8,15,True,True,5,2,2,True,
2,Example_Files/Y.v11.txt,4504,7,44,5,5,13,True,True,5,2,2,True,
2,Example_Files/Y.v11.txt,4552,7,53,5,6,12,True,True,5,2,2,True,
2,Example_Files/Y.v11.txt,4592,7,47,5,7,15,True,True,5,2,2,True,
2,Example_Files/Y.v11.txt,4777,7,61,5,9,14,True,True,5,2,2,True,
2,Example_Files/Y.v11.txt,4966,7,61,5,7,11,True,True,5,2,2,True,
2,Example_Files/Y.v11.txt,5002,7,57,5,8,12,True,True,5,2,2,True,
2,Example_Files/Y.v11.txt,5048,7,51,5,10,17,True,True,5,2,2,True,
2,Example_Files/Y.v11.txt,5122,7,51,5,7,12,True,True,5,2,2,True,
2,Example_Files/Y.v11.txt,5257,7,47,5,9,15,True,True,5,2,2,True,
2,Example_Files/Y.v11.txt,5969,7,65,5,9,12,True,True,5,2,2,True,
2,Example_Files/Y.v11.txt,6153,7,62,5,9,11,True,True,5,2,2,True,
2,Example_Files/Y.v11.txt,6542,7,51,5,9,18,True,True,5,2,2,True,
2,Example_Files/Y.v11.txt,6623,7,52,5,6,12,True,True,5,2,2,True,
2,Example_Files/Y.v11.txt,6730,7,53,5,7,12,True,True,5,2,2,True,
2,Example_Files/Y.v11.txt,6904,7,53,5,7,12,True,True,5,2,2,True,
2,Example_Files/Y.v11.txt,7062,7,54,5,7,11,True,True,5,2,2,True,
2,Example_Files/Y.v11.txt,7155,7,37,5,6,12,True,True,5,2,2,True,
2,Example_Files/Y.v11.txt,7164,7,41,5,6,14,True,True,5,2,2,True,
1,Example_Files/Y.v11.txt,7227,7,53,6,7,14,True,True,6,1,1,True,1.0
2,Example_Files/Y.v11.txt,7320,7,41,5,7,14,True,True,5,2,2,True,
2,Example_Files/Y.v11.txt,7321,7,45,5,7,16,True,True,5,2,2,True,
2,Example_Files/Y.v11.txt,7388,7,41,5,5,10,True,True,5,2,2,True,
2,Example_Files/Y.v11.txt,7433,7,41,5,5,12,True,True,5,2,2,True,
2,Example_Files/Y.v11.txt,7434,7,49,5,10,28,True,True,5,2,2,True,
2,Example_Files/Y.v11.txt,7493,7,67,5,5,10,True,True,5,2,2,True,
2,Example_Files/Y.v11.txt,7497,7,83,5,5,10,True,True,5,2,2,True,
2,Example_Files/Y.v11.txt,7656,9,31,7,9,18,True,True,7,2,2,True,
2,Example_Files/Y.v11.txt,7657,8,40,6,10,20,True,True,6,2,2,True,
1,Example_Files/Y.v11.txt,7658,8,36,7,9,18,True,True,7,1,1,True,2.0
2,Example_Files/Y.v11.txt,7659,8,36,6,8,16,True,True,6,2,2,True,
2,Example_Files/Y.v11.txt,7660,9,31,7,7,14,True,True,7,2,2,True,
1,Example_Files/Y.v11.txt,7661,9,31,8,8,16,True,True,8,1,1,True,2.0
2,Example_Files/Y.v11.txt,7984,7,71,5,5,10,True,True,5,2,2,True,
1,Example_Files/Y.v11.txt,8164,8,36,7,9,18,True,True,7,1,1,True,2.0
1,Example_Files/Y.v11.txt,8165,8,40,7,9,18,True,True,7,1,1,True,2.0
2,Example_Files/Y.v11.txt,8169,8,40,6,10,20,True,True,6,2,2,True,
1,Example_Files/Y.v11.txt,8170,8,36,7,9,18,True,True,7,1,1,True,2.0
2,Example_Files/Y.v11.txt,8171,9,31,7,9,18,True,True,7,2,2,True,
1,Example_Files/Y.v11.txt,8174,8,40,7,9,18,True,True,7,1,1,True,2.0
1,Example_Files/Y.v11.txt,8175,8,44,7,11,22,True,True,7,1,1,True,1.0
1,Example_Files/Y.v11.txt,8176,8,40,7,9,18,True,True,7,1,1,True,2.0
2,Example_Files/Y.v11.txt,8228,8,40,6,8,16,True,True,6,2,2,True,
2,Example_Files/Y.v11.txt,8236,8,66,6,8,16,True,True,6,2,2,True,
2,Example_Files/Y.v12.txt,50,8,37,6,15,27,True,True,6,2,2,True,
2,Example_Files/Y.v12.txt,64,8,52,6,6,18,True,True,6,2,2,True,
2,Example_Files/Y.v12.txt,65,8,52,6,10,22,True,True,6,2,2,True,
2,Example_Files/Y.v12.txt,69,8,46,6,10,22,True,True,6,2,2,True,
2,Example_Files/Y.v12.txt,71,8,52,6,10,13,True,True,6,2,2,True,
2,Example_Files/Y.v12.txt,109,8,44,6,7,14,True,True,6,2,2,True,
2,Example_Files/Y.v12.txt,140,8,42,6,9,14,True,True,6,2,2,True,
2,Example_Files/Y.v12.txt,218,8,46,6,7,10,True,True,6,2,2,True,
2,Example_Files/Y.v12.txt,332,8,42,6,8,15,True,True,6,2,2,True,
2,Example_Files/Y.v12.txt,335,8,40,6,10,18,True,True,6,2,2,True,
2,Example_Files/Y.v12.txt,351,8,42,6,9,14,True,True,6,2,2,True,
2,Example_Files/Y.v12.txt,386,8,42,6,8,15,True,True,6,2,2,True,
2,Example_Files/Y.v12.txt,400,8,42,6,10,15,True,True,6,2,2,True,
2,Example_Files/Y.v12.txt,472,8,68,6,8,14,True,True,6,2,2,True,
2,Example_Files/Y.v12.txt,512,8,62,6,8,11,True,True,6,2,2,True,
2,Example_Files/Y.v12.txt,523,8,58,6,10,13,True,True,6,2,2,True,
2,Example_Files/Y.v12.txt,530,8,51,6,8,11,True,True,6,2,2,True,
2,Example_Files/Y.v12.txt,534,8,44,6,12,24,True,True,6,2,2,True,
2,Example_Files/Y.v12.txt,544,8,66,6,6,12,True,True,6,2,2,True,
2,Example_Files/Y.v12.txt,556,8,48,6,10,20,True,True,6,2,2,True,
1,Example_Files/Y.v12.txt,584,8,48,7,9,18,True,True,7,1,1,True,1.0
2,Example_Files/Y.v12.txt,589,8,32,6,6,12,True,True,6,2,2,True,
2,Example_Files/Y.v12.txt,592,8,40,6,7,14,True,True,6,2,2,True,
2,Example_Files/Y.v12.txt,663,8,38,6,6,12,True,True,6,2,2,True,
2,Example_Files/Y.v12.txt,742,8,40,6,7,12,True,True,6,2,2,True,
2,Example_Files/Y.v12.txt,745,8,40,6,6,12,True,True,6,2,2,True,
2,Example_Files/Y.v12.txt,751,8,46,6,8,13,True,True,6,2,2,True,
2,Example_Files/Y.v12.txt,1038,8,50,6,7,12,True,True,6,2,2,True,
2,Example_Files/Y.v12.txt,1048,8,42,6,8,15,True,True,6,2,2,True,
2,Example_Files/Y.v12.txt,1083,8,40,6,10,18,True,True,6,2,2,True,
2,Example_Files/Y.v12.txt,1267,8,44,6,6,15,True,True,6,2,2,True,
2,Example_Files/Y.v12.txt,1310,8,44,6,7,15,True,True,6,2,2,True,
2,Example_Files/Y.v12.txt,1356,8,50,6,9,14,True,True,6,2,2,True,
2,Example_Files/Y.v12.txt,1358,8,52,6,8,12,True,True,6,2,2,True,
2,Example_Files/Y.v12.txt,1363,8,50,6,9,14,True,True,6,2,2,True,
2,Example_Files/Y.v12.txt,1513,8,42,6,9,15,True,True,6,2,2,True,
2,Example_Files/Y.v12.txt,1516,8,44,6,8,16,True,True,6,2,2,True,
2,Example_Files/Y.v12.txt,1518,8,51,6,7,14,True,True,6,2,2,True,
2,Example_Files/Y.v12.txt,1560,8,46,6,9,13,True,True,6,2,2,True,
2,Example_Files/Y.v12.txt,1609,8,45,6,10,21,True,True,6,2,2,True,
2,Example_Files/Y.v12.txt,1770,8,40,6,10,18,True,True,6,2,2,True,
2,Example_Files/Y.v12.txt,1787,8,44,6,9,17,True,True,6,2,2,True,
2,Example_Files/Y.v12.txt,1810,8,42,6,8,15,True,True,6,2,2,True,
2,Example_Files/Y.v12.txt,1811,8,40,6,11,22,True,True,6,2,2,True,
2,Example_Files/Y.v12.txt,1845,8,40,6,12,22,True,True,6,2,2,True,
2,Example_Files/Y.v12.txt,1921,8,42,6,8,15,True,True,6,2,2,True,
2,Example_Files/Y.v12.txt,2445,8,40,6,8,15,True,True,6,2,2,True,
2,Example_Files/Y.v12.txt,2453,8,36,6,11,16,True,True,6,2,2,True,
2,Example_Files/Y.v12.txt,2623,8,36,6,10,16,True,True,6,2,2,True,
2,Example_Files/Y.v12.txt,2629,8,45,6,7,12,True,True,6,2,2,True,
2,Example_Files/Y.v12.txt,3179,8,48,6,8,13,True,True,6,2,2,True,
2,Example_Files/Y.v12.txt,3191,8,48,6,8,13,True,True,6,2,2,True,
2,Example_Files/Y.v12.txt,3207,8,36,6,11,16,True,True,6,2,2,True,
2,Example_Files/Y.v12.txt,3313,8,44,6,8,14,True,True,6,2,2,True,
2,Example_Files/Y.v12.txt,3376,8,40,6,9,15,True,True,6,2,2,True,
2,Example_Files/Y.v12.txt,3494,8,40,6,15,28,True,True,6,2,2,True,
2,Example_Files/Y.v12.txt,3566,8,49,6,8,12,True,True,6,2,2,True,
2,Example_Files/Y.v12.txt,3616,8,51,6,10,22,True,True,6,2,2,True,
2,Example_Files/Y.v12.txt,3759,8,46,6,11,20,True,True,6,2,2,True,
2,Example_Files/Y.v12.txt,3800,8,40,6,8,16,True,True,6,2,2,True,
2,Example_Files/Y.v12.txt,3958,8,42,6,9,14,True,True,6,2,2,True,
2,Example_Files/Y.v12.txt,4021,8,40,6,8,15,True,True,6,2,2,True,
2,Example_Files/Y.v12.txt,4027,8,42,6,11,20,True,True,6,2,2,True,
2,Example_Files/Y.v12.txt,4096,8,47,6,12,19,True,True,6,2,2,True,
2,Example_Files/Y.v12.txt,4346,8,42,6,9,14,True,True,6,2,2,True,
2,Example_Files/Y.v12.txt,4353,8,42,6,12,20,True,True,6,2,2,True,
2,Example_Files/Y.v12.txt,4558,8,36,6,8,12,True,True,6,2,2,True,
2,Example_Files/Y.v12.txt,4638,8,42,6,11,20,True,True,6,2,2,True,
2,Example_Files/Y.v12.txt,4645,8,44,6,8,14,True,True,6,2,2,True,
2,Example_Files/Y.v12.txt,4654,8,38,6,9,14,True,True,6,2,2,True,
2,Example_Files/Y.v12.txt,4686,8,44,6,8,14,True,True,6,2,2,True,
2,Example_Files/Y.v12.txt,4727,8,40,6,8,15,True,True,6,2,2,True,
2,Example_Files/Y.v12.txt,4746,8,44,6,8,14,True,True,6,2,2,True,
2,Example_Files/Y.v12.txt,4794,8,40,6,8,15,True,True,6,2,2,True,
2,Example_Files/Y.v12.txt,4799,8,47,6,8,11,True,True,6,2,2,True,
2,Example_Files/Y.v12.txt,4848,8,38,6,9,14,True,True,6,2,2,True,
2,Example_Files/Y.v12.txt,5115,8,39,6,8,16,True,True,6,2,2,True,
2,Example_Files/Y.v12.txt,5245,8,40,6,14,24,True,True,6,2,2,True,
2,Example_Files/Y.v12.txt,5261,8,40,6,8,14,True,True,6,2,2,True,
2,Example_Files/Y.v12.txt,5477,8,40,6,7,13,True,True,6,2,2,True,
2,Example_Files/Y.v12.txt,5678,8,49,6,9,11,True,True,6,2,2,True,
2,Example_Files/Y.v12.txt,5829,8,44,6,8,13,True,True,6,2,2,True,
2,Example_Files/Y.v12.txt,6009,8,42,6,11,19,True,True,6,2,2,True,
2,Example_Files/Y.v12.txt,6277,8,44,6,8,13,True,True,6,2,2,True,
2,Example_Files/Y.v12.txt,6354,8,42,6,9,14,True,True,6,2,2,True,
2,Example_Files/Y.v12.txt,6431,8,40,6,7,14,True,True,6,2,2,True,
2,Example_Files/Y.v12.txt,6588,8,42,6,7,14,True,True,6,2,2,True,
2,Example_Files/Y.v12.txt,6682,8,44,6,7,13,True,True,6,2,2,True,
2,Example_Files/Y.v12.txt,6698,8,44,6,8,13,True,True,6,2,2,True,
2,Example_Files/Y.v12.txt,6710,8,44,6,8,13,True,True,6,2,2,True,
2,Example_Files/Y.v12.txt,6865,8,40,6,8,13,True,True,6,2,2,True,
2,Example_Files/Y.v12.txt,7077,8,46,6,10,17,True,True,6,2,2,True,
2,Example_Files/Y.v12.txt,7092,8,47,6,10,16,True,True,6,2,2,True,
2,Example_Files/Y.v12.txt,7161,8,42,6,10,19,True,True,6,2,2,True,
2,Example_Files/Y.v12.txt,7240,8,40,6,7,13,True,True,6,2,2,True,
2,Example_Files/Y.v12.txt,7303,8,44,6,7,13,True,True,6,2,2,True,
2,Example_Files/Y.v12.txt,7309,8,44,6,8,13,True,True,6,2,2,True,
2,Example_Files/Y.v12.txt,7341,8,44,6,8,13,True,True,6,2,2,True,
2,Example_Files/Y.v12.txt,7607,8,40,6,10,16,True,True,6,2,2,True,
2,Example_Files/Y.v12.txt,7625,8,42,6,8,14,True,True,6,2,2,True,
2,Example_Files/Y.v12.txt,7956,8,64,6,10,14,True,True,6,2,2,True,
2,Example_Files/Y.v12.txt,7994,8,41,6,10,21,True,True,6,2,2,True,
2,Example_Files/Y.v12.txt,8038,8,38,6,10,16,True,True,6,2,2,True,
2,Example_Files/Y.v12.txt,8069,8,45,6,9,16,True,True,6,2,2,True,
2,Example_Files/Y.v12.txt,8074,8,51,6,8,13,True,True,6,2,2,True,
2,Example_Files/Y.v12.txt,8083,8,51,6,8,13,True,True,6,2,2,True,
2,Example_Files/Y.v12.txt,8145,8,48,6,8,13,True,True,6,2,2,True,
2,Example_Files/Y.v12.txt,8167,8,42,6,9,20,True,True,6,2,2,True,
2,Example_Files/Y.v12.txt,8231,8,39,6,9,16,True,True,6,2,2,True,
2,Example_Files/Y.v12.txt,8244,8,45,6,11,19,True,True,6,2,2,True,
2,Example_Files/Y.v12.txt,8289,8,43,6,6,14,True,True,6,2,2,True,
2,Example_Files/Y.v12.txt,8292,8,42,6,11,19,True,True,6,2,2,True,
2,Example_Files/Y.v12.txt,8303,8,42,6,10,19,True,True,6,2,2,True,
2,Example_Files/Y.v12.txt,8737,8,56,6,9,14,True,True,6,2,2,True,
2,Example_Files/Y.v12.txt,9169,8,47,6,10,16,True,True,6,2,2,True,
2,Example_Files/Y.v12.txt,9175,8,46,6,10,17,True,True,6,2,2,True,
2,Example_Files/Y.v12.txt,9194,8,40,6,11,18,True,True,6,2,2,True,
2,Example_Files/Y.v12.txt,9281,8,51,6,9,13,True,True,6,2,2,True,
2,Example_Files/Y.v12.txt,9869,8,52,6,9,13,True,True,6,2,2,True,
2,Example_Files/Y.v12.txt,10416,8,44,6,8,14,True,True,6,2,2,True,
2,Example_Files/Y.v12.txt,11175,8,42,6,10,20,True,True,6,2,2,True,
2,Example_Files/Y.v12.txt,11260,8,49,6,9,12,True,True,6,2,2,True,
2,Example_Files/Y.v12.txt,11496,8,44,6,8,14,True,True,6,2,2,True,
2,Example_Files/Y.v12.txt,11581,8,47,6,10,13,True,True,6,2,2,True,
2,Example_Files/Y.v12.txt,11735,8,53,6,9,13,True,True,6,2,2,True,
2,Example_Files/Y.v12.txt,12010,8,44,6,8,14,True,True,6,2,2,True,
2,Example_Files/Y.v12.txt,12154,8,53,6,9,13,True,True,6,2,2,True,
2,Example_Files/Y.v12.txt,12223,8,47,6,8,11,True,True,6,2,2,True,
2,Example_Files/Y.v12.txt,12618,8,51,6,8,11,True,True,6,2,2,True,
2,Example_Files/Y.v12.txt,12866,8,48,6,7,12,True,True,6,2,2,True,
2,Example_Files/Y.v12.txt,12942,8,51,6,12,14,True,True,6,2,2,True,
2,Example_Files/Y.v12.txt,13046,8,42,6,8,14,True,True,6,2,2,True,
2,Example_Files/Y.v12.txt,13107,8,44,6,7,13,True,True,6,2,2,True,
2,Example_Files/Y.v12.txt,13166,8,48,6,6,12,True,True,6,2,2,True,
2,Example_Files/Y.v12.txt,13213,8,44,6,7,13,True,True,6,2,2,True,
2,Example_Files/Y.v12.txt,13250,8,42,6,9,14,True,True,6,2,2,True,
2,Example_Files/Y.v12.txt,13547,8,70,6,6,12,True,True,6,2,2,True,
2,Example_Files/Y.v12.txt,13574,8,50,6,10,15,True,True,6,2,2,True,
2,Example_Files/Y.v12.txt,13769,8,54,6,11,18,True,True,6,2,2,True,
2,Example_Files/Y.v12.txt,13787,8,32,6,6,12,True,True,6,2,2,True,
2,Example_Files/Y.v12.txt,13803,8,41,6,10,24,True,True,6,2,2,True,
2,Example_Files/Y.v12.txt,13804,9,39,7,15,26,True,True,7,2,2,True,
2,Example_Files/Y.v12.txt,13805,10,34,8,19,32,True,True,8,2,2,True,
2,Example_Files/Y.v12.txt,13844,8,60,6,8,13,True,True,6,2,2,True,
2,Example_Files/Y.v12.txt,14174,8,66,6,6,12,True,True,6,2,2,True,
2,Example_Files/Y.v12.txt,14354,8,50,6,11,21,True,True,6,2,2,True,
2,Example_Files/Y.v12.txt,14536,9,53,7,15,20,True,True,7,2,2,True,
2,Example_Files/Y.v13.txt,96,9,42,7,9,15,True,True,7,2,2,True,
2,Example_Files/Y.v13.txt,115,9,37,7,12,20,True,True,7,2,2,True,
2,Example_Files/Y.v13.txt,133,9,48,7,12,23,True,True,7,2,2,True,
2,Example_Files/Y.v13.txt,136,9,44,7,10,15,True,True,7,2,2,True,
2,Example_Files/Y.v13.txt,155,9,51,7,12,23,True,True,7,2,2,True,
2,Example_Files/Y.v13.txt,199,9,41,7,11,17,True,True,7,2,2,True,
2,Example_Files/Y.v13.txt,218,9,42,7,12,16,True,True,7,2,2,True,
2,Example_Files/Y.v13.txt,252,9,37,7,11,20,True,True,7,2,2,True,
2,Example_Files/Y.v13.txt,265,9,37,7,13,18,True,True,7,2,2,True,
2,Example_Files/Y.v13.txt,321,9,40,7,10,13,True,True,7,2,2,True,
2,Example_Files/Y.v13.txt,338,9,39,7,9,15,True,True,7,2,2,True,
2,Example_Files/Y.v13.txt,530,9,43,7,11,16,True,True,7,2,2,True,
2,Example_Files/Y.v13.txt,646,9,39,7,13,20,True,True,7,2,2,True,
2,Example_Files/Y.v13.txt,671,9,39,7,12,20,True,True,7,2,2,True,
2,Example_Files/Y.v13.txt,841,9,40,7,10,15,True,True,7,2,2,True,
2,Example_Files/Y.v13.txt,863,9,35,7,9,15,True,True,7,2,2,True,
2,Example_Files/Y.v13.txt,868,9,39,7,11,20,True,True,7,2,2,True,
2,Example_Files/Y.v13.txt,873,9,35,7,9,15,True,True,7,2,2,True,
2,Example_Files/Y.v13.txt,903,9,39,7,9,15,True,True,7,2,2,True,
2,Example_Files/Y.v13.txt,924,9,41,7,10,17,True,True,7,2,2,True,
2,Example_Files/Y.v13.txt,939,9,37,7,11,18,True,True,7,2,2,True,
2,Example_Files/Y.v13.txt,1049,9,37,7,12,20,True,True,7,2,2,True,
2,Example_Files/Y.v13.txt,1064,9,37,7,11,14,True,True,7,2,2,True,
2,Example_Files/Y.v13.txt,1068,9,37,7,9,16,True,True,7,2,2,True,
2,Example_Files/Y.v13.txt,1071,9,37,7,13,20,True,True,7,2,2,True,
2,Example_Files/Y.v13.txt,1072,9,33,7,8,12,True,True,7,2,2,True,
2,Example_Files/Y.v13.txt,1088,9,40,7,10,13,True,True,7,2,2,True,
2,Example_Files/Y.v13.txt,1089,9,40,7,10,15,True,True,7,2,2,True,
2,Example_Files/Y.v13.txt,1109,9,37,7,11,16,True,True,7,2,2,True,
2,Example_Files/Y.v13.txt,1184,9,35,7,9,15,True,True,7,2,2,True,
2,Example_Files/Y.v13.txt,1280,9,43,7,15,30,True,True,7,2,2,True,
2,Example_Files/Y.v13.txt,1295,9,35,7,9,18,True,True,7,2,2,True,
2,Example_Files/Y.v13.txt,1310,9,41,7,10,17,True,True,7,2,2,True,
2,Example_Files/Y.v13.txt,1351,9,51,7,9,15,True,True,7,2,2,True,
2,Example_Files/Y.v13.txt,1382,9,37,7,9,12,True,True,7,2,2,True,
2,Example_Files/Y.v13.txt,1404,9,41,7,11,22,True,True,7,2,2,True,
2,Example_Files/Y.v13.txt,1496,9,44,7,9,12,True,True,7,2,2,True,
2,Example_Files/Y.v13.txt,1551,9,51,7,9,12,True,True,7,2,2,True,
2,Example_Files/Y.v13.txt,1764,9,41,7,9,18,True,True,7,2,2,True,
2,Example_Files/Y.v13.txt,1770,9,39,7,13,24,True,True,7,2,2,True,
2,Example_Files/Y.v13.txt,1794,9,44,7,12,18,True,True,7,2,2,True,
2,Example_Files/Y.v13.txt,1831,9,49,7,13,21,True,True,7,2,2,True,
2,Example_Files/Y.v13.txt,1949,9,45,7,10,15,True,True,7,2,2,True,
2,Example_Files/Y.v13.txt,1962,9,42,7,12,16,True,True,7,2,2,True,
2,Example_Files/Y.v13.txt,2094,9,44,7,9,16,True,True,7,2,2,True,
2,Example_Files/Y.v13.txt,2106,9,40,7,9,13,True,True,7,2,2,True,
2,Example_Files/Y.v13.txt,2125,9,41,7,13,22,True,True,7,2,2,True,
2,Example_Files/Y.v13.txt,2165,9,41,7,10,17,True,True,7,2,2,True,
2,Example_Files/Y.v13.txt,2219,9,40,7,12,19,True,True,7,2,2,True,
2,Example_Files/Y.v13.txt,2232,9,46,7,10,18,True,True,7,2,2,True,
2,Example_Files/Y.v13.txt,2243,9,37,7,11,19,True,True,7,2,2,True,
2,Example_Files/Y.v13.txt,2257,9,51,7,10,15,True,True,7,2,2,True,
2,Example_Files/Y.v13.txt,2330,9,51,7,10,15,True,True,7,2,2,True,
2,Example_Files/Y.v13.txt,2333,9,51,7,9,18,True,True,7,2,2,True,
2,Example_Files/Y.v13.txt,2605,9,45,7,9,13,True,True,7,2,2,True,
2,Example_Files/Y.v13.txt,2696,9,44,7,10,15,True,True,7,2,2,True,
2,Example_Files/Y.v13.txt,2845,9,42,7,12,21,True,True,7,2,2,True,
2,Example_Files/Y.v13.txt,2919,9,35,7,15,24,True,True,7,2,2,True,
2,Example_Files/Y.v13.txt,2997,9,44,7,10,15,True,True,7,2,2,True,
2,Example_Files/Y.v13.txt,3003,9,47,7,9,12,True,True,7,2,2,True,
2,Example_Files/Y.v13.txt,3065,9,36,7,10,13,True,True,7,2,2,True,
2,Example_Files/Y.v13.txt,3068,9,39,7,11,17,True,True,7,2,2,True,
2,Example_Files/Y.v13.txt,3132,9,39,7,10,17,True,True,7,2,2,True,
2,Example_Files/Y.v13.txt,3453,9,43,7,9,15,True,True,7,2,2,True,
2,Example_Files/Y.v13.txt,3512,9,37,7,10,16,True,True,7,2,2,True,
2,Example_Files/Y.v13.txt,3577,9,39,7,9,17,True,True,7,2,2,True,
2,Example_Files/Y.v13.txt,3584,9,39,7,9,17,True,True,7,2,2,True,
2,Example_Files/Y.v13.txt,4018,9,37,7,12,22,True,True,7,2,2,True,
2,Example_Files/Y.v13.txt,4154,9,39,7,10,17,True,True,7,2,2,True,
2,Example_Files/Y.v13.txt,4280,9,47,7,10,18,True,True,7,2,2,True,
2,Example_Files/Y.v13.txt,4299,9,43,7,9,15,True,True,7,2,2,True,
2,Example_Files/Y.v13.txt,4576,9,46,7,9,13,True,True,7,2,2,True,
2,Example_Files/Y.v13.txt,4581,9,41,7,13,22,True,True,7,2,2,True,
2,Example_Files/Y.v13.txt,4935,9,39,7,9,17,True,True,7,2,2,True,
2,Example_Files/Y.v13.txt,5072,9,44,7,9,14,True,True,7,2,2,True,
2,Example_Files/Y.v13.txt,5130,9,45,7,9,14,True,True,7,2,2,True,
2,Example_Files/Y.v13.txt,5431,9,39,7,11,17,True,True,7,2,2,True,
2,Example_Files/Y.v13.txt,5448,9,42,7,13,21,True,True,7,2,2,True,
2,Example_Files/Y.v13.txt,5469,9,39,7,10,17,True,True,7,2,2,True,
2,Example_Files/Y.v13.txt,5502,9,37,7,13,22,True,True,7,2,2,True,
2,Example_Files/Y.v13.txt,5519,9,39,7,9,17,True,True,7,2,2,True,
2,Example_Files/Y.v13.txt,5590,9,35,7,15,24,True,True,7,2,2,True,
2,Example_Files/Y.v13.txt,5626,9,35,7,11,18,True,True,7,2,2,True,
2,Example_Files/Y.v13.txt,5644,9,36,7,12,17,True,True,7,2,2,True,
2,Example_Files/Y.v13.txt,5722,9,37,7,13,22,True,True,7,2,2,True,
2,Example_Files/Y.v13.txt,5733,9,37,7,10,16,True,True,7,2,2,True,
2,Example_Files/Y.v13.txt,5784,9,37,7,12,22,True,True,7,2,2,True,
2,Example_Files/Y.v13.txt,5847,9,37,7,12,22,True,True,7,2,2,True,
2,Example_Files/Y.v13.txt,5856,9,40,7,10,16,True,True,7,2,2,True,
2,Example_Files/Y.v13.txt,5911,9,37,7,8,16,True,True,7,2,2,True,
2,Example_Files/Y.v13.txt,5958,9,42,7,12,21,True,True,7,2,2,True,
2,Example_Files/Y.v13.txt,6021,9,37,7,13,22,True,True,7,2,2,True,
2,Example_Files/Y.v13.txt,6052,9,39,7,10,17,True,True,7,2,2,True,
2,Example_Files/Y.v13.txt,6112,9,40,7,10,16,True,True,7,2,2,True,
2,Example_Files/Y.v13.txt,6239,9,35,7,10,18,True,True,7,2,2,True,
2,Example_Files/Y.v13.txt,6300,9,37,7,11,22,True,True,7,2,2,True,
2,Example_Files/Y.v13.txt,6438,9,40,7,9,13,True,True,7,2,2,True,
2,Example_Files/Y.v13.txt,6446,9,35,7,9,15,True,True,7,2,2,True,
2,Example_Files/Y.v13.txt,6448,9,35,7,14,22,True,True,7,2,2,True,
2,Example_Files/Y.v13.txt,6483,9,37,7,8,16,True,True,7,2,2,True,
2,Example_Files/Y.v13.txt,6507,9,37,7,12,20,True,True,7,2,2,True,
2,Example_Files/Y.v13.txt,6520,9,39,7,10,17,True,True,7,2,2,True,
2,Example_Files/Y.v13.txt,6527,9,35,7,7,18,True,True,7,2,2,True,
2,Example_Files/Y.v13.txt,6553,9,40,7,11,16,True,True,7,2,2,True,
2,Example_Files/Y.v13.txt,6604,9,37,7,12,20,True,True,7,2,2,True,
2,Example_Files/Y.v13.txt,6627,9,36,7,10,17,True,True,7,2,2,True,
2,Example_Files/Y.v13.txt,6864,9,39,7,10,16,True,True,7,2,2,True,
2,Example_Files/Y.v13.txt,7136,9,47,7,12,17,True,True,7,2,2,True,
2,Example_Files/Y.v13.txt,7147,9,44,7,10,14,True,True,7,2,2,True,
2,Example_Files/Y.v13.txt,7186,9,44,7,11,14,True,True,7,2,2,True,
2,Example_Files/Y.v13.txt,7431,9,39,7,9,16,True,True,7,2,2,True,
2,Example_Files/Y.v13.txt,7583,9,40,7,8,14,True,True,7,2,2,True,
2,Example_Files/Y.v13.txt,7649,9,40,7,9,14,True,True,7,2,2,True,
2,Example_Files/Y.v13.txt,7741,9,40,7,9,14,True,True,7,2,2,True,
2,Example_Files/Y.v13.txt,7844,9,39,7,10,16,True,True,7,2,2,True,
2,Example_Files/Y.v13.txt,7875,9,37,7,13,23,True,True,7,2,2,True,
2,Example_Files/Y.v13.txt,8100,9,43,7,10,15,True,True,7,2,2,True,
2,Example_Files/Y.v13.txt,8106,9,43,7,10,15,True,True,7,2,2,True,
2,Example_Files/Y.v13.txt,8182,9,39,7,9,15,True,True,7,2,2,True,
2,Example_Files/Y.v13.txt,8227,9,44,7,11,14,True,True,7,2,2,True,
2,Example_Files/Y.v13.txt,8990,9,46,7,12,18,True,True,7,2,2,True,
2,Example_Files/Y.v13.txt,9837,9,37,7,13,23,True,True,7,2,2,True,
2,Example_Files/Y.v13.txt,10047,9,38,7,10,17,True,True,7,2,2,True,
2,Example_Files/Y.v13.txt,10476,9,40,7,9,14,True,True,7,2,2,True,
2,Example_Files/Y.v13.txt,10528,9,44,7,10,14,True,True,7,2,2,True,
2,Example_Files/Y.v13.txt,10711,9,38,7,9,17,True,True,7,2,2,True,
2,Example_Files/Y.v13.txt,10743,9,38,7,11,17,True,True,7,2,2,True,
2,Example_Files/Y.v13.txt,10805,9,47,7,9,18,True,True,7,2,2,True,
2,Example_Files/Y.v13.txt,11213,9,42,7,10,16,True,True,7,2,2,True,
2,Example_Files/Y.v13.txt,11258,9,39,7,9,15,True,True,7,2,2,True,
2,Example_Files/Y.v13.txt,11287,9,33,7,8,12,True,True,7,2,2,True,
2,Example_Files/Y.v13.txt,11363,9,40,7,9,15,True,True,7,2,2,True,
2,Example_Files/Y.v13.txt,11372,9,51,7,9,12,True,True,7,2,2,True,
2,Example_Files/Y.v13.txt,11430,9,41,7,9,16,True,True,7,2,2,True,
2,Example_Files/Y.v13.txt,11971,9,39,7,9,15,True,True,7,2,2,True,
2,Example_Files/Y.v13.txt,11988,9,51,7,11,15,True,True,7,2,2,True,
2,Example_Files/Y.v13.txt,11997,9,33,7,8,12,True,True,7,2,2,True,
2,Example_Files/Y.v13.txt,12033,9,47,7,9,12,True,True,7,2,2,True,
2,Example_Files/Y.v13.txt,12127,9,41,7,9,17,True,True,7,2,2,True,
2,Example_Files/Y.v13.txt,12128,9,37,7,9,18,True,True,7,2,2,True,
2,Example_Files/Y.v13.txt,12252,13,27,11,24,42,True,True,11,2,2,True,
2,Example_Files/Y.v13.txt,12272,9,61,7,8,16,True,True,7,2,2,True,
2,Example_Files/Y.v13.txt,12280,9,53,7,7,14,True,True,7,2,2,True,
2,Example_Files/Y.v13.txt,12293,9,37,7,9,18,True,True,7,2,2,True,
2,Example_Files/Y.v13.txt,12355,9,39,7,8,14,True,True,7,2,2,True,
2,Example_Files/Y.v13.txt,12626,9,40,7,15,25,True,True,7,2,2,True,
2,Example_Files/Y.v13.txt,12628,9,40,7,17,25,True,True,7,2,2,True,
2,Example_Files/Y.v13.txt,12635,9,39,7,9,16,True,True,7,2,2,True,
2,Example_Files/Y.v13.txt,12679,9,46,7,10,18,True,True,7,2,2,True,
2,Example_Files/Y.v13.txt,12680,9,41,7,12,21,True,True,7,2,2,True,
2,Example_Files/Y.v13.txt,12705,9,37,7,10,17,True,True,7,2,2,True,
2,Example_Files/Y.v13.txt,12714,9,37,7,13,23,True,True,7,2,2,True,
2,Example_Files/Y.v13.txt,12763,9,38,7,9,16,True,True,7,2,2,True,
2,Example_Files/Y.v13.txt,13037,9,37,7,9,15,True,True,7,2,2,True,
2,Example_Files/Y.v13.txt,13356,9,49,7,10,16,True,True,7,2,2,True,
2,Example_Files/Y.v13.txt,13376,9,51,7,11,14,True,True,7,2,2,True,
2,Example_Files/Y.v13.txt,13518,9,35,7,9,14,True,True,7,2,2,True,
2,Example_Files/Y.v13.txt,13602,9,46,7,12,18,True,True,7,2,2,True,
2,Example_Files/Y.v13.txt,13623,9,50,7,11,15,True,True,7,2,2,True,
2,Example_Files/Y.v13.txt,13666,9,37,7,9,19,True,True,7,2,2,True,
2,Example_Files/Y.v13.txt,15101,9,48,7,10,14,True,True,7,2,2,True,
2,Example_Files/Y.v13.txt,15844,9,35,7,14,24,True,True,7,2,2,True,
2,Example_Files/Y.v13.txt,15903,9,53,7,11,14,True,True,7,2,2,True,
2,Example_Files/Y.v13.txt,16266,9,42,7,10,15,True,True,7,2,2,True,
2,Example_Files/Y.v13.txt,16305,9,44,7,11,15,True,True,7,2,2,True,
2,Example_Files/Y.v13.txt,16308,9,46,7,14,21,True,True,7,2,2,True,
2,Example_Files/Y.v13.txt,16330,9,52,7,11,15,True,True,7,2,2,True,
2,Example_Files/Y.v13.txt,16627,9,43,7,10,16,True,True,7,2,2,True,
2,Example_Files/Y.v13.txt,16641,9,40,7,11,19,True,True,7,2,2,True,
2,Example_Files/Y.v13.txt,16649,9,37,7,9,16,True,True,7,2,2,True,
2,Example_Files/Y.v13.txt,16808,9,48,7,11,14,True,True,7,2,2,True,
2,Example_Files/Y.v13.txt,16810,9,48,7,11,14,True,True,7,2,2,True,
2,Example_Files/Y.v13.txt,16824,9,44,7,11,15,True,True,7,2,2,True,
2,Example_Files/Y.v13.txt,16992,9,42,7,11,15,True,True,7,2,2,True,
2,Example_Files/Y.v13.txt,17024,9,44,7,12,15,True,True,7,2,2,True,
2,Example_Files/Y.v13.txt,17115,9,53,7,11,14,True,True,7,2,2,True,
2,Example_Files/Y.v13.txt,17137,9,44,7,10,15,True,True,7,2,2,True,
2,Example_Files/Y.v13.txt,17243,9,44,7,11,15,True,True,7,2,2,True,
2,Example_Files/Y.v13.txt,17302,9,44,7,11,15,True,True,7,2,2,True,
2,Example_Files/Y.v13.txt,17396,9,39,7,12,17,True,True,7,2,2,True,
2,Example_Files/Y.v13.txt,17480,9,39,7,11,17,True,True,7,2,2,True,
2,Example_Files/Y.v13.txt,18117,9,51,7,11,14,True,True,7,2,2,True,
2,Example_Files/Y.v13.txt,18233,9,52,7,9,14,True,True,7,2,2,True,
2,Example_Files/Y.v13.txt,18442,9,48,7,10,13,True,True,7,2,2,True,
2,Example_Files/Y.v13.txt,18541,9,44,7,9,14,True,True,7,2,2,True,
2,Example_Files/Y.v13.txt,18591,9,42,7,12,15,True,True,7,2,2,True,
2,Example_Files/Y.v13.txt,19103,9,43,7,9,15,True,True,7,2,2,True,
2,Example_Files/Y.v13.txt,19345,9,41,7,11,16,True,True,7,2,2,True,
2,Example_Files/Y.v13.txt,19444,9,39,7,8,16,True,True,7,2,2,True,
2,Example_Files/Y.v13.txt,19458,9,46,7,11,18,True,True,7,2,2,True,
2,Example_Files/Y.v13.txt,19491,9,40,7,10,14,True,True,7,2,2,True,
2,Example_Files/Y.v13.txt,19831,9,38,7,9,17,True,True,7,2,2,True,
2,Example_Files/Y.v13.txt,19981,9,40,7,11,17,True,True,7,2,2,True,
2,Example_Files/Y.v13.txt,20400,11,38,9,21,39,True,True,9,2,2,True,
2,Example_Files/Y.v13.txt,20401,9,53,7,7,14,True,True,7,2,2,True,
2,Example_Files/Y.v13.txt,20426,9,44,7,11,18,True,True,7,2,2,True,
2,Example_Files/Y.v13.txt,20458,9,40,7,12,23,True,True,7,2,2,True,
2,Example_Files/Y.v13.txt,20590,9,47,7,12,14,True,True,7,2,2,True,
2,Example_Files/Y.v13.txt,20706,13,33,11,24,36,True,True,11,2,2,True,
2,Example_Files/Y.v13.txt,20710,10,34,8,19,32,True,True,8,2,2,True,
2,Example_Files/Y.v13.txt,20785,9,57,7,11,14,True,True,7,2,2,True,
2,Example_Files/Y.v13.txt,21546,11,51,9,12,24,True,True,9,2,2,True,
2,Example_Files/Y.v14.txt,194,10,36,8,13,24,True,True,8,2,2,True,
2,Example_Files/Y.v14.txt,205,10,34,8,16,25,True,True,8,2,2,True,
2,Example_Files/Y.v14.txt,241,10,34,8,16,20,True,True,8,2,2,True,
2,Example_Files/Y.v14.txt,252,10,50,8,12,14,True,True,8,2,2,True,
2,Example_Files/Y.v14.txt,257,10,47,8,12,19,True,True,8,2,2,True,
2,Example_Files/Y.v14.txt,260,10,34,8,12,19,True,True,8,2,2,True,
2,Example_Files/Y.v14.txt,265,10,35,8,12,16,True,True,8,2,2,True,
2,Example_Files/Y.v14.txt,281,10,34,8,12,24,True,True,8,2,2,True,
2,Example_Files/Y.v14.txt,379,10,36,8,13,22,True,True,8,2,2,True,
2,Example_Files/Y.v14.txt,408,10,35,8,10,16,True,True,8,2,2,True,
2,Example_Files/Y.v14.txt,563,10,40,8,13,16,True,True,8,2,2,True,
2,Example_Files/Y.v14.txt,567,10,39,8,16,21,True,True,8,2,2,True,
2,Example_Files/Y.v14.txt,778,10,41,8,14,18,True,True,8,2,2,True,
2,Example_Files/Y.v14.txt,793,10,41,8,12,18,True,True,8,2,2,True,
2,Example_Files/Y.v14.txt,834,10,37,8,11,17,True,True,8,2,2,True,
2,Example_Files/Y.v14.txt,920,10,37,8,11,17,True,True,8,2,2,True,
2,Example_Files/Y.v14.txt,1236,10,36,8,15,22,True,True,8,2,2,True,
2,Example_Files/Y.v14.txt,1280,10,39,8,14,21,True,True,8,2,2,True,
2,Example_Files/Y.v14.txt,1281,10,41,8,14,18,True,True,8,2,2,True,
2,Example_Files/Y.v14.txt,1516,10,36,8,12,18,True,True,8,2,2,True,
2,Example_Files/Y.v14.txt,1598,10,36,8,11,18,True,True,8,2,2,True,
2,Example_Files/Y.v14.txt,1601,10,36,8,11,16,True,True,8,2,2,True,
2,Example_Files/Y.v14.txt,1672,10,41,8,14,17,True,True,8,2,2,True,
2,Example_Files/Y.v14.txt,1740,10,37,8,12,17,True,True,8,2,2,True,
2,Example_Files/Y.v14.txt,1825,10,37,8,13,17,True,True,8,2,2,True,
2,Example_Files/Y.v14.txt,1942,10,39,8,14,21,True,True,8,2,2,True,
2,Example_Files/Y.v14.txt,1997,10,35,8,12,19,True,True,8,2,2,True,
2,Example_Files/Y.v14.txt,2049,10,41,8,13,18,True,True,8,2,2,True,
2,Example_Files/Y.v14.txt,2077,10,35,8,12,16,True,True,8,2,2,True,
2,Example_Files/Y.v14.txt,2240,10,34,8,13,19,True,True,8,2,2,True,
2,Example_Files/Y.v14.txt,2255,10,32,8,12,18,True,True,8,2,2,True,
2,Example_Files/Y.v14.txt,2259,10,34,8,13,22,True,True,8,2,2,True,
2,Example_Files/Y.v14.txt,2265,10,36,8,12,18,True,True,8,2,2,True,
2,Example_Files/Y.v14.txt,2291,10,34,8,14,22,True,True,8,2,2,True,
2,Example_Files/Y.v14.txt,2306,10,36,8,11,18,True,True,8,2,2,True,
2,Example_Files/Y.v14.txt,2332,10,34,8,14,22,True,True,8,2,2,True,
2,Example_Files/Y.v14.txt,2508,10,34,8,12,20,True,True,8,2,2,True,
2,Example_Files/Y.v14.txt,2598,10,34,8,14,25,True,True,8,2,2,True,
2,Example_Files/Y.v14.txt,2621,10,35,8,12,16,True,True,8,2,2,True,
2,Example_Files/Y.v14.txt,2623,10,34,8,13,20,True,True,8,2,2,True,
2,Example_Files/Y.v14.txt,2671,10,35,8,13,19,True,True,8,2,2,True,
2,Example_Files/Y.v14.txt,2809,10,32,8,12,20,True,True,8,2,2,True,
2,Example_Files/Y.v14.txt,2853,10,37,8,15,23,True,True,8,2,2,True,
2,Example_Files/Y.v14.txt,2868,10,34,8,12,20,True,True,8,2,2,True,
2,Example_Files/Y.v14.txt,2916,10,37,8,12,19,True,True,8,2,2,True,
2,Example_Files/Y.v14.txt,2970,10,46,8,14,19,True,True,8,2,2,True,
2,Example_Files/Y.v14.txt,3035,10,44,8,14,19,True,True,8,2,2,True,
2,Example_Files/Y.v14.txt,3040,10,40,8,15,20,True,True,8,2,2,True,
2,Example_Files/Y.v14.txt,3062,10,41,8,14,18,True,True,8,2,2,True,
2,Example_Files/Y.v14.txt,3112,10,45,8,12,16,True,True,8,2,2,True,
2,Example_Files/Y.v14.txt,3189,10,42,8,13,21,True,True,8,2,2,True,
2,Example_Files/Y.v14.txt,3210,10,45,8,13,16,True,True,8,2,2,True,
2,Example_Files/Y.v14.txt,3298,10,41,8,12,18,True,True,8,2,2,True,
2,Example_Files/Y.v14.txt,3309,10,39,8,15,25,True,True,8,2,2,True,
2,Example_Files/Y.v14.txt,3712,10,40,8,12,18,True,True,8,2,2,True,
2,Example_Files/Y.v14.txt,3894,10,35,8,13,19,True,True,8,2,2,True,
2,Example_Files/Y.v14.txt,3917,10,37,8,13,17,True,True,8,2,2,True,
2,Example_Files/Y.v14.txt,4015,10,39,8,13,18,True,True,8,2,2,True,
2,Example_Files/Y.v14.txt,4166,10,43,8,11,16,True,True,8,2,2,True,
2,Example_Files/Y.v14.txt,4324,10,39,8,12,18,True,True,8,2,2,True,
2,Example_Files/Y.v14.txt,4439,10,45,8,11,15,True,True,8,2,2,True,
2,Example_Files/Y.v14.txt,4742,10,32,8,12,22,True,True,8,2,2,True,
2,Example_Files/Y.v14.txt,4785,10,37,8,10,17,True,True,8,2,2,True,
2,Example_Files/Y.v14.txt,4789,10,39,8,13,18,True,True,8,2,2,True,
2,Example_Files/Y.v14.txt,4812,10,35,8,16,25,True,True,8,2,2,True,
2,Example_Files/Y.v14.txt,4817,10,37,8,14,23,True,True,8,2,2,True,
2,Example_Files/Y.v14.txt,4837,10,34,8,11,19,True,True,8,2,2,True,
2,Example_Files/Y.v14.txt,4858,10,39,8,13,18,True,True,8,2,2,True,
2,Example_Files/Y.v14.txt,4869,10,34,8,12,20,True,True,8,2,2,True,
2,Example_Files/Y.v14.txt,4905,10,44,8,12,16,True,True,8,2,2,True,
2,Example_Files/Y.v14.txt,5516,10,39,8,13,18,True,True,8,2,2,True,
2,Example_Files/Y.v14.txt,5835,10,39,8,12,18,True,True,8,2,2,True,
2,Example_Files/Y.v14.txt,5917,10,34,8,14,24,True,True,8,2,2,True,
2,Example_Files/Y.v14.txt,5992,10,44,8,11,15,True,True,8,2,2,True,
2,Example_Files/Y.v14.txt,6127,10,39,8,14,18,True,True,8,2,2,True,
2,Example_Files/Y.v14.txt,6203,10,39,8,14,18,True,True,8,2,2,True,
2,Example_Files/Y.v14.txt,6240,10,39,8,14,18,True,True,8,2,2,True,
2,Example_Files/Y.v14.txt,6332,10,35,8,12,19,True,True,8,2,2,True,
2,Example_Files/Y.v14.txt,6434,10,37,8,15,23,True,True,8,2,2,True,
2,Example_Files/Y.v14.txt,6458,10,37,8,14,23,True,True,8,2,2,True,
2,Example_Files/Y.v14.txt,6539,10,32,8,12,20,True,True,8,2,2,True,
2,Example_Files/Y.v14.txt,6552,10,35,8,12,19,True,True,8,2,2,True,
2,Example_Files/Y.v14.txt,6557,10,36,8,13,18,True,True,8,2,2,True,
2,Example_Files/Y.v14.txt,6590,10,32,8,9,15,True,True,8,2,2,True,
2,Example_Files/Y.v14.txt,6595,10,36,8,14,24,True,True,8,2,2,True,
2,Example_Files/Y.v14.txt,6616,10,43,8,12,17,True,True,8,2,2,True,
2,Example_Files/Y.v14.txt,6648,10,34,8,14,24,True,True,8,2,2,True,
2,Example_Files/Y.v14.txt,6767,10,35,8,13,19,True,True,8,2,2,True,
2,Example_Files/Y.v14.txt,6770,10,42,8,15,22,True,True,8,2,2,True,
2,Example_Files/Y.v14.txt,6773,10,34,8,12,19,True,True,8,2,2,True,
2,Example_Files/Y.v14.txt,6776,10,35,8,13,19,True,True,8,2,2,True,
2,Example_Files/Y.v14.txt,6796,10,37,8,12,17,True,True,8,2,2,True,
2,Example_Files/Y.v14.txt,6803,10,36,8,11,18,True,True,8,2,2,True,
2,Example_Files/Y.v14.txt,6822,10,42,8,15,22,True,True,8,2,2,True,
2,Example_Files/Y.v14.txt,6881,10,40,8,12,16,True,True,8,2,2,True,
2,Example_Files/Y.v14.txt,6950,10,40,8,13,17,True,True,8,2,2,True,
2,Example_Files/Y.v14.txt,6963,10,32,8,12,18,True,True,8,2,2,True,
2,Example_Files/Y.v14.txt,6971,10,37,8,15,21,True,True,8,2,2,True,
2,Example_Files/Y.v14.txt,7065,10,34,8,8,17,True,True,8,2,2,True,
2,Example_Files/Y.v14.txt,7067,10,36,8,11,16,True,True,8,2,2,True,
2,Example_Files/Y.v14.txt,7077,10,37,8,13,23,True,True,8,2,2,True,
2,Example_Files/Y.v14.txt,7080,10,36,8,10,18,True,True,8,2,2,True,
2,Example_Files/Y.v14.txt,7089,10,33,8,12,23,True,True,8,2,2,True,
2,Example_Files/Y.v14.txt,7148,10,35,8,13,19,True,True,8,2,2,True,
2,Example_Files/Y.v14.txt,7160,10,36,8,12,18,True,True,8,2,2,True,
2,Example_Files/Y.v14.txt,7180,10,36,8,12,18,True,True,8,2,2,True,
2,Example_Files/Y.v14.txt,7369,10,44,8,13,24,True,True,8,2,2,True,
2,Example_Files/Y.v14.txt,7387,10,34,8,14,18,True,True,8,2,2,True,
2,Example_Files/Y.v14.txt,7427,10,37,8,11,18,True,True,8,2,2,True,
2,Example_Files/Y.v14.txt,7688,10,44,8,10,15,True,True,8,2,2,True,
2,Example_Files/Y.v14.txt,7818,10,43,8,12,16,True,True,8,2,2,True,
2,Example_Files/Y.v14.txt,7882,10,44,8,13,15,True,True,8,2,2,True,
2,Example_Files/Y.v14.txt,7942,10,39,8,13,17,True,True,8,2,2,True,
2,Example_Files/Y.v14.txt,8250,10,34,8,12,18,True,True,8,2,2,True,
2,Example_Files/Y.v14.txt,8415,10,43,8,13,16,True,True,8,2,2,True,
2,Example_Files/Y.v14.txt,8710,10,37,8,12,18,True,True,8,2,2,True,
2,Example_Files/Y.v14.txt,8724,10,32,8,14,21,True,True,8,2,2,True,
2,Example_Files/Y.v14.txt,8757,10,38,8,13,18,True,True,8,2,2,True,
2,Example_Files/Y.v14.txt,9355,10,38,8,12,18,True,True,8,2,2,True,
2,Example_Files/Y.v14.txt,9376,10,39,8,11,16,True,True,8,2,2,True,
2,Example_Files/Y.v14.txt,9463,10,34,8,12,18,True,True,8,2,2,True,
2,Example_Files/Y.v14.txt,9949,10,38,8,13,18,True,True,8,2,2,True,
2,Example_Files/Y.v14.txt,10366,10,38,8,14,18,True,True,8,2,2,True,
2,Example_Files/Y.v14.txt,10615,10,43,8,13,16,True,True,8,2,2,True,
2,Example_Files/Y.v14.txt,10698,10,43,8,12,16,True,True,8,2,2,True,
2,Example_Files/Y.v14.txt,10752,10,37,8,14,23,True,True,8,2,2,True,
2,Example_Files/Y.v14.txt,11003,10,38,8,13,18,True,True,8,2,2,True,
2,Example_Files/Y.v14.txt,11055,10,38,8,13,18,True,True,8,2,2,True,
2,Example_Files/Y.v14.txt,11370,10,34,8,11,18,True,True,8,2,2,True,
2,Example_Files/Y.v14.txt,11473,10,37,8,14,24,True,True,8,2,2,True,
2,Example_Files/Y.v14.txt,11576,10,34,8,11,18,True,True,8,2,2,True,
2,Example_Files/Y.v14.txt,11629,10,34,8,10,12,True,True,8,2,2,True,
2,Example_Files/Y.v14.txt,11858,10,41,8,16,22,True,True,8,2,2,True,
2,Example_Files/Y.v14.txt,12114,10,33,8,11,17,True,True,8,2,2,True,
2,Example_Files/Y.v14.txt,12139,10,38,8,13,18,True,True,8,2,2,True,
2,Example_Files/Y.v14.txt,12170,10,38,8,11,18,True,True,8,2,2,True,
2,Example_Files/Y.v14.txt,12460,10,38,8,12,18,True,True,8,2,2,True,
2,Example_Files/Y.v14.txt,12986,10,31,8,13,19,True,True,8,2,2,True,
2,Example_Files/Y.v14.txt,13072,10,44,8,12,16,True,True,8,2,2,True,
2,Example_Files/Y.v14.txt,13244,10,34,8,9,17,True,True,8,2,2,True,
2,Example_Files/Y.v14.txt,13523,10,36,8,11,16,True,True,8,2,2,True,
2,Example_Files/Y.v14.txt,13668,10,36,8,11,16,True,True,8,2,2,True,
2,Example_Files/Y.v14.txt,13687,10,35,8,10,16,True,True,8,2,2,True,
2,Example_Files/Y.v14.txt,13700,10,37,8,12,17,True,True,8,2,2,True,
2,Example_Files/Y.v14.txt,14181,10,37,8,12,15,True,True,8,2,2,True,
2,Example_Files/Y.v14.txt,14467,10,32,8,11,18,True,True,8,2,2,True,
2,Example_Files/Y.v14.txt,14587,10,38,8,12,17,True,True,8,2,2,True,
2,Example_Files/Y.v14.txt,14859,10,33,8,11,19,True,True,8,2,2,True,
2,Example_Files/Y.v14.txt,14926,10,36,8,10,19,True,True,8,2,2,True,
2,Example_Files/Y.v14.txt,14944,10,38,8,12,17,True,True,8,2,2,True,
2,Example_Files/Y.v14.txt,15041,10,39,8,10,19,True,True,8,2,2,True,
2,Example_Files/Y.v14.txt,15326,10,34,8,10,17,True,True,8,2,2,True,
2,Example_Files/Y.v14.txt,15464,10,37,8,12,17,True,True,8,2,2,True,
2,Example_Files/Y.v14.txt,15526,10,34,8,13,25,True,True,8,2,2,True,
2,Example_Files/Y.v14.txt,15547,13,28,11,27,41,True,True,11,2,2,True,
2,Example_Files/Y.v14.txt,15549,10,44,8,13,24,True,True,8,2,2,True,
2,Example_Files/Y.v14.txt,15557,10,39,8,15,21,True,True,8,2,2,True,
2,Example_Files/Y.v14.txt,15560,10,36,8,14,22,True,True,8,2,2,True,
2,Example_Files/Y.v14.txt,15635,10,32,8,12,18,True,True,8,2,2,True,
2,Example_Files/Y.v14.txt,15728,10,38,8,14,22,True,True,8,2,2,True,
2,Example_Files/Y.v14.txt,15730,10,37,8,11,17,True,True,8,2,2,True,
2,Example_Files/Y.v14.txt,15731,10,32,8,12,20,True,True,8,2,2,True,
2,Example_Files/Y.v14.txt,15755,10,48,8,14,24,True,True,8,2,2,True,
2,Example_Files/Y.v14.txt,15794,10,34,8,11,19,True,True,8,2,2,True,
2,Example_Files/Y.v14.txt,15837,10,49,8,16,24,True,True,8,2,2,True,
2,Example_Files/Y.v14.txt,15890,10,41,8,12,18,True,True,8,2,2,True,
2,Example_Files/Y.v14.txt,15968,10,41,8,14,18,True,True,8,2,2,True,
2,Example_Files/Y.v14.txt,16162,10,36,8,10,18,True,True,8,2,2,True,
2,Example_Files/Y.v14.txt,16240,10,35,8,11,17,True,True,8,2,2,True,
2,Example_Files/Y.v14.txt,16282,12,28,10,18,30,True,True,10,2,2,True,
2,Example_Files/Y.v14.txt,16303,10,61,8,12,14,True,True,8,2,2,True,
1,Example_Files/Y.v14.txt,16326,10,56,9,9,18,True,True,9,1,1,True,1.0
2,Example_Files/Y.v14.txt,16335,11,33,9,18,30,True,True,9,2,2,True,
2,Example_Files/Y.v14.txt,16354,10,34,8,11,15,True,True,8,2,2,True,
2,Example_Files/Y.v14.txt,16358,10,39,8,11,15,True,True,8,2,2,True,
2,Example_Files/Y.v14.txt,16386,10,44,8,13,19,True,True,8,2,2,True,
2,Example_Files/Y.v14.txt,16463,10,34,8,12,20,True,True,8,2,2,True,
2,Example_Files/Y.v14.txt,16642,10,35,8,17,23,True,True,8,2,2,True,
2,Example_Files/Y.v14.txt,16644,10,35,8,15,23,True,True,8,2,2,True,
2,Example_Files/Y.v14.txt,16647,10,39,8,16,27,True,True,8,2,2,True,
2,Example_Files/Y.v14.txt,16665,10,36,8,12,18,True,True,8,2,2,True,
2,Example_Files/Y.v14.txt,16699,10,32,8,14,21,True,True,8,2,2,True,
2,Example_Files/Y.v14.txt,16716,10,43,8,12,16,True,True,8,2,2,True,
2,Example_Files/Y.v14.txt,16725,10,39,8,11,16,True,True,8,2,2,True,
2,Example_Files/Y.v14.txt,16745,10,41,8,15,22,True,True,8,2,2,True,
2,Example_Files/Y.v14.txt,16763,10,36,8,15,25,True,True,8,2,2,True,
2,Example_Files/Y.v14.txt,17075,10,44,8,13,21,True,True,8,2,2,True,
2,Example_Files/Y.v14.txt,17296,10,46,8,14,19,True,True,8,2,2,True,
2,Example_Files/Y.v14.txt,17696,10,51,8,11,16,True,True,8,2,2,True,
2,Example_Files/Y.v14.txt,19080,10,41,8,14,23,True,True,8,2,2,True,
2,Example_Files/Y.v14.txt,19122,10,43,8,11,17,True,True,8,2,2,True,
2,Example_Files/Y.v14.txt,19334,10,48,8,12,15,True,True,8,2,2,True,
2,Example_Files/Y.v14.txt,19395,10,46,8,16,22,True,True,8,2,2,True,
2,Example_Files/Y.v14.txt,19420,10,48,8,13,15,True,True,8,2,2,True,
2,Example_Files/Y.v14.txt,19705,10,46,8,11,14,True,True,8,2,2,True,
2,Example_Files/Y.v14.txt,20109,10,37,8,11,17,True,True,8,2,2,True,
2,Example_Files/Y.v14.txt,20191,10,48,8,13,15,True,True,8,2,2,True,
2,Example_Files/Y.v14.txt,20266,10,42,8,13,16,True,True,8,2,2,True,
2,Example_Files/Y.v14.txt,20352,10,41,8,15,23,True,True,8,2,2,True,
2,Example_Files/Y.v14.txt,20939,10,39,8,12,18,True,True,8,2,2,True,
2,Example_Files/Y.v14.txt,20969,10,37,8,11,17,True,True,8,2,2,True,
2,Example_Files/Y.v14.txt,20978,10,46,8,11,14,True,True,8,2,2,True,
2,Example_Files/Y.v14.txt,21027,10,43,8,13,17,True,True,8,2,2,True,
2,Example_Files/Y.v14.txt,21038,10,30,8,13,20,True,True,8,2,2,True,
2,Example_Files/Y.v14.txt,21045,10,32,8,13,18,True,True,8,2,2,True,
2,Example_Files/Y.v14.txt,22431,10,45,8,10,16,True,True,8,2,2,True,
2,Example_Files/Y.v14.txt,22524,10,45,8,9,16,True,True,8,2,2,True,
2,Example_Files/Y.v14.txt,22565,10,46,8,15,19,True,True,8,2,2,True,
2,Example_Files/Y.v14.txt,22566,10,46,8,14,19,True,True,8,2,2,True,
2,Example_Files/Y.v14.txt,22597,10,46,8,13,19,True,True,8,2,2,True,
2,Example_Files/Y.v14.txt,22821,10,40,8,10,15,True,True,8,2,2,True,
2,Example_Files/Y.v14.txt,23089,10,34,8,10,18,True,True,8,2,2,True,
2,Example_Files/Y.v14.txt,23341,10,32,8,13,21,True,True,8,2,2,True,
2,Example_Files/Y.v14.txt,23369,10,37,8,12,18,True,True,8,2,2,True,
2,Example_Files/Y.v14.txt,23704,10,43,8,12,16,True,True,8,2,2,True,
2,Example_Files/Y.v14.txt,23903,10,34,8,9,18,True,True,8,2,2,True,
2,Example_Files/Y.v14.txt,23956,10,39,8,13,17,True,True,8,2,2,True,
2,Example_Files/Y.v14.txt,24201,10,39,8,11,16,True,True,8,2,2,True,
2,Example_Files/Y.v14.txt,24289,10,37,8,11,18,True,True,8,2,2,True,
2,Example_Files/Y.v14.txt,24353,10,32,8,12,18,True,True,8,2,2,True,
2,Example_Files/Y.v14.txt,24388,10,37,8,16,24,True,True,8,2,2,True,
2,Example_Files/Y.v14.txt,24396,10,41,8,16,22,True,True,8,2,2,True,
2,Example_Files/Y.v14.txt,24496,10,37,8,12,18,True,True,8,2,2,True,
2,Example_Files/Y.v14.txt,24698,10,37,8,11,14,True,True,8,2,2,True,
2,Example_Files/Y.v14.txt,24792,10,38,8,12,18,True,True,8,2,2,True,
2,Example_Files/Y.v14.txt,24837,10,38,8,11,18,True,True,8,2,2,True,
2,Example_Files/Y.v14.txt,25299,10,35,8,15,23,True,True,8,2,2,True,
2,Example_Files/Y.v14.txt,25405,10,37,8,11,17,True,True,8,2,2,True,
2,Example_Files/Y.v14.txt,25456,10,35,8,12,19,True,True,8,2,2,True,
2,Example_Files/Y.v14.txt,25743,10,41,8,11,17,True,True,8,2,2,True,
2,Example_Files/Y.v14.txt,25940,10,36,8,10,16,True,True,8,2,2,True,
2,Example_Files/Y.v14.txt,26054,12,28,10,18,33,True,True,10,2,2,True,
2,Example_Files/Y.v14.txt,26060,11,34,9,22,33,True,True,9,2,2,True,
2,Example_Files/Y.v14.txt,26117,10,50,8,12,16,True,True,8,2,2,True,
2,Example_Files/Y.v14.txt,26267,10,36,8,12,12,True,True,8,2,2,True,
2,Example_Files/Y.v14.txt,26275,10,39,8,13,18,True,True,8,2,2,True,
2,Example_Files/Y.v14.txt,26313,10,35,8,12,16,True,True,8,2,2,True,
2,Example_Files/Y.v14.txt,26316,10,39,8,14,21,True,True,8,2,2,True,
2,Example_Files/Y.v14.txt,26404,10,32,8,14,21,True,True,8,2,2,True,
2,Example_Files/Y.v14.txt,26416,10,40,8,15,27,True,True,8,2,2,True,
2,Example_Files/Y.v14.txt,26455,10,34,8,10,12,True,True,8,2,2,True,
2,Example_Files/Y.v14.txt,26491,11,29,9,13,25,True,True,9,2,2,True,
2,Example_Files/Y.v14.txt,26970,10,52,8,13,16,True,True,8,2,2,True,
2,Example_Files/Y.v14.txt,27260,10,52,8,9,18,True,True,8,2,2,True,
2,Example_Files/Y.v15.txt,258,11,34,9,18,26,True,True,9,2,2,True,
2,Example_Files/Y.v15.txt,272,11,31,9,17,23,True,True,9,2,2,True,
2,Example_Files/Y.v15.txt,295,11,33,9,13,22,True,True,9,2,2,True,
2,Example_Files/Y.v15.txt,332,11,32,9,15,23,True,True,9,2,2,True,
2,Example_Files/Y.v15.txt,342,11,36,9,17,23,True,True,9,2,2,True,
2,Example_Files/Y.v15.txt,344,11,32,9,15,23,True,True,9,2,2,True,
2,Example_Files/Y.v15.txt,359,11,33,9,14,18,True,True,9,2,2,True,
2,Example_Files/Y.v15.txt,364,11,32,9,14,17,True,True,9,2,2,True,
2,Example_Files/Y.v15.txt,385,11,34,9,14,18,True,True,9,2,2,True,
2,Example_Files/Y.v15.txt,433,11,44,9,14,20,True,True,9,2,2,True,
2,Example_Files/Y.v15.txt,461,11,29,9,12,24,True,True,9,2,2,True,
2,Example_Files/Y.v15.txt,491,11,40,9,15,25,True,True,9,2,2,True,
2,Example_Files/Y.v15.txt,563,11,34,9,17,23,True,True,9,2,2,True,
2,Example_Files/Y.v15.txt,660,11,36,9,13,17,True,True,9,2,2,True,
2,Example_Files/Y.v15.txt,734,11,31,9,16,22,True,True,9,2,2,True,
2,Example_Files/Y.v15.txt,799,11,31,9,15,22,True,True,9,2,2,True,
2,Example_Files/Y.v15.txt,839,11,36,9,15,19,True,True,9,2,2,True,
2,Example_Files/Y.v15.txt,842,11,31,9,17,26,True,True,9,2,2,True,
2,Example_Files/Y.v15.txt,860,11,32,9,15,20,True,True,9,2,2,True,
2,Example_Files/Y.v15.txt,872,11,39,9,12,18,True,True,9,2,2,True,
2,Example_Files/Y.v15.txt,883,11,41,9,15,19,True,True,9,2,2,True,
2,Example_Files/Y.v15.txt,887,11,41,9,18,30,True,True,9,2,2,True,
2,Example_Files/Y.v15.txt,889,11,39,9,17,22,True,True,9,2,2,True,
2,Example_Files/Y.v15.txt,899,11,37,9,14,18,True,True,9,2,2,True,
2,Example_Files/Y.v15.txt,926,11,34,9,15,20,True,True,9,2,2,True,
2,Example_Files/Y.v15.txt,1029,11,34,9,17,23,True,True,9,2,2,True,
2,Example_Files/Y.v15.txt,1243,11,36,9,14,17,True,True,9,2,2,True,
2,Example_Files/Y.v15.txt,1321,11,39,9,13,16,True,True,9,2,2,True,
2,Example_Files/Y.v15.txt,1532,11,41,9,15,19,True,True,9,2,2,True,
2,Example_Files/Y.v15.txt,1770,11,36,9,15,19,True,True,9,2,2,True,
2,Example_Files/Y.v15.txt,1791,11,36,9,15,19,True,True,9,2,2,True,
2,Example_Files/Y.v15.txt,1804,11,36,9,13,17,True,True,9,2,2,True,
2,Example_Files/Y.v15.txt,1868,11,36,9,14,17,True,True,9,2,2,True,
2,Example_Files/Y.v15.txt,1876,11,34,9,13,19,True,True,9,2,2,True,
2,Example_Files/Y.v15.txt,1983,11,36,9,15,19,True,True,9,2,2,True,
2,Example_Files/Y.v15.txt,2136,11,36,9,14,17,True,True,9,2,2,True,
2,Example_Files/Y.v15.txt,2312,11,34,9,13,18,True,True,9,2,2,True,
2,Example_Files/Y.v15.txt,2356,11,36,9,12,17,True,True,9,2,2,True,
2,Example_Files/Y.v15.txt,2406,11,36,9,12,17,True,True,9,2,2,True,
2,Example_Files/Y.v15.txt,2408,11,36,9,13,19,True,True,9,2,2,True,
2,Example_Files/Y.v15.txt,2458,11,33,9,15,24,True,True,9,2,2,True,
2,Example_Files/Y.v15.txt,2583,11,34,9,16,23,True,True,9,2,2,True,
2,Example_Files/Y.v15.txt,2600,11,36,9,14,19,True,True,9,2,2,True,
2,Example_Files/Y.v15.txt,2632,11,33,9,15,21,True,True,9,2,2,True,
2,Example_Files/Y.v15.txt,2659,11,39,9,13,18,True,True,9,2,2,True,
2,Example_Files/Y.v15.txt,2719,11,31,9,15,22,True,True,9,2,2,True,
2,Example_Files/Y.v15.txt,2776,11,34,9,15,20,True,True,9,2,2,True,
2,Example_Files/Y.v15.txt,2871,11,36,9,14,17,True,True,9,2,2,True,
2,Example_Files/Y.v15.txt,2881,11,39,9,15,18,True,True,9,2,2,True,
2,Example_Files/Y.v15.txt,3213,11,34,9,17,23,True,True,9,2,2,True,
2,Example_Files/Y.v15.txt,3223,11,34,9,15,23,True,True,9,2,2,True,
2,Example_Files/Y.v15.txt,3281,11,33,9,15,21,True,True,9,2,2,True,
2,Example_Files/Y.v15.txt,3323,11,39,9,16,22,True,True,9,2,2,True,
2,Example_Files/Y.v15.txt,3513,11,39,9,13,16,True,True,9,2,2,True,
2,Example_Files/Y.v15.txt,3560,11,34,9,16,23,True,True,9,2,2,True,
2,Example_Files/Y.v15.txt,3561,11,36,9,17,23,True,True,9,2,2,True,
2,Example_Files/Y.v15.txt,3643,11,33,9,16,21,True,True,9,2,2,True,
2,Example_Files/Y.v15.txt,3646,11,31,9,15,22,True,True,9,2,2,True,
2,Example_Files/Y.v15.txt,3667,11,34,9,17,23,True,True,9,2,2,True,
2,Example_Files/Y.v15.txt,3690,11,29,9,13,19,True,True,9,2,2,True,
2,Example_Files/Y.v15.txt,3698,11,33,9,14,21,True,True,9,2,2,True,
2,Example_Files/Y.v15.txt,3770,11,31,9,15,23,True,True,9,2,2,True,
2,Example_Files/Y.v15.txt,3778,11,31,9,17,23,True,True,9,2,2,True,
2,Example_Files/Y.v15.txt,3783,11,32,9,16,21,True,True,9,2,2,True,
2,Example_Files/Y.v15.txt,4124,11,33,9,15,22,True,True,9,2,2,True,
2,Example_Files/Y.v15.txt,4149,11,31,9,12,21,True,True,9,2,2,True,
2,Example_Files/Y.v15.txt,4278,11,34,9,17,26,True,True,9,2,2,True,
2,Example_Files/Y.v15.txt,4550,11,29,9,12,21,True,True,9,2,2,True,
2,Example_Files/Y.v15.txt,4560,11,30,9,12,17,True,True,9,2,2,True,
2,Example_Files/Y.v15.txt,4563,11,31,9,13,18,True,True,9,2,2,True,
2,Example_Files/Y.v15.txt,4586,11,34,9,16,21,True,True,9,2,2,True,
2,Example_Files/Y.v15.txt,4657,11,37,9,14,18,True,True,9,2,2,True,
2,Example_Files/Y.v15.txt,4785,11,29,9,11,16,True,True,9,2,2,True,
2,Example_Files/Y.v15.txt,4789,11,32,9,15,23,True,True,9,2,2,True,
2,Example_Files/Y.v15.txt,4818,11,34,9,15,21,True,True,9,2,2,True,
2,Example_Files/Y.v15.txt,4888,11,34,9,17,26,True,True,9,2,2,True,
2,Example_Files/Y.v15.txt,4895,11,30,9,13,19,True,True,9,2,2,True,
2,Example_Files/Y.v15.txt,4977,11,32,9,14,24,True,True,9,2,2,True,
2,Example_Files/Y.v15.txt,4985,11,37,9,15,24,True,True,9,2,2,True,
2,Example_Files/Y.v15.txt,4993,11,39,9,18,26,True,True,9,2,2,True,
2,Example_Files/Y.v15.txt,5010,11,39,9,13,21,True,True,9,2,2,True,
2,Example_Files/Y.v15.txt,5024,11,41,9,16,19,True,True,9,2,2,True,
2,Example_Files/Y.v15.txt,5066,11,43,9,13,19,True,True,9,2,2,True,
2,Example_Files/Y.v15.txt,5071,11,39,9,13,16,True,True,9,2,2,True,
2,Example_Files/Y.v15.txt,5090,11,39,9,14,16,True,True,9,2,2,True,
2,Example_Files/Y.v15.txt,5095,11,51,9,11,17,True,True,9,2,2,True,
2,Example_Files/Y.v15.txt,5444,11,36,9,14,19,True,True,9,2,2,True,
2,Example_Files/Y.v15.txt,5458,11,36,9,17,25,True,True,9,2,2,True,
2,Example_Files/Y.v15.txt,5501,11,39,9,15,19,True,True,9,2,2,True,
2,Example_Files/Y.v15.txt,5507,11,34,9,16,25,True,True,9,2,2,True,
2,Example_Files/Y.v15.txt,5706,11,34,9,20,33,True,True,9,2,2,True,
2,Example_Files/Y.v15.txt,5770,11,37,9,13,21,True,True,9,2,2,True,
2,Example_Files/Y.v15.txt,5830,11,37,9,14,18,True,True,9,2,2,True,
2,Example_Files/Y.v15.txt,5898,11,37,9,14,18,True,True,9,2,2,True,
2,Example_Files/Y.v15.txt,5963,11,37,9,13,18,True,True,9,2,2,True,
2,Example_Files/Y.v15.txt,5973,11,37,9,16,24,True,True,9,2,2,True,
2,Example_Files/Y.v15.txt,5993,11,34,9,13,21,True,True,9,2,2,True,
2,Example_Files/Y.v15.txt,5999,11,39,9,13,19,True,True,9,2,2,True,
2,Example_Files/Y.v15.txt,6469,11,37,9,14,18,True,True,9,2,2,True,
2,Example_Files/Y.v15.txt,6514,11,39,9,15,19,True,True,9,2,2,True,
2,Example_Files/Y.v15.txt,6519,11,39,9,15,19,True,True,9,2,2,True,
2,Example_Files/Y.v15.txt,6616,11,39,9,14,19,True,True,9,2,2,True,
2,Example_Files/Y.v15.txt,6966,11,29,9,13,20,True,True,9,2,2,True,
2,Example_Files/Y.v15.txt,7002,11,34,9,14,20,True,True,9,2,2,True,
2,Example_Files/Y.v15.txt,7061,11,37,9,17,24,True,True,9,2,2,True,
2,Example_Files/Y.v15.txt,7141,11,34,9,16,21,True,True,9,2,2,True,
2,Example_Files/Y.v15.txt,7164,11,31,9,17,28,True,True,9,2,2,True,
2,Example_Files/Y.v15.txt,7170,11,30,9,15,21,True,True,9,2,2,True,
2,Example_Files/Y.v15.txt,7174,11,37,9,14,24,True,True,9,2,2,True,
2,Example_Files/Y.v15.txt,7180,11,35,9,13,20,True,True,9,2,2,True,
2,Example_Files/Y.v15.txt,7251,11,35,9,16,20,True,True,9,2,2,True,
2,Example_Files/Y.v15.txt,7254,11,39,9,14,19,True,True,9,2,2,True,
2,Example_Files/Y.v15.txt,7260,11,34,9,13,21,True,True,9,2,2,True,
2,Example_Files/Y.v15.txt,7263,11,34,9,16,25,True,True,9,2,2,True,
2,Example_Files/Y.v15.txt,7291,11,34,9,17,25,True,True,9,2,2,True,
2,Example_Files/Y.v15.txt,7297,11,34,9,16,20,True,True,9,2,2,True,
2,Example_Files/Y.v15.txt,7303,11,35,9,15,20,True,True,9,2,2,True,
2,Example_Files/Y.v15.txt,7324,11,35,9,14,20,True,True,9,2,2,True,
2,Example_Files/Y.v15.txt,7326,11,31,9,13,22,True,True,9,2,2,True,
2,Example_Files/Y.v15.txt,7331,11,35,9,9,18,True,True,9,2,2,True,
2,Example_Files/Y.v15.txt,7512,11,37,9,17,24,True,True,9,2,2,True,
2,Example_Files/Y.v15.txt,7584,11,36,9,17,23,True,True,9,2,2,True,
2,Example_Files/Y.v15.txt,7599,11,34,9,12,18,True,True,9,2,2,True,
2,Example_Files/Y.v15.txt,7614,11,34,9,15,23,True,True,9,2,2,True,
2,Example_Files/Y.v15.txt,7669,11,33,9,16,24,True,True,9,2,2,True,
2,Example_Files/Y.v15.txt,7684,11,34,9,17,25,True,True,9,2,2,True,
2,Example_Files/Y.v15.txt,7685,11,32,9,12,16,True,True,9,2,2,True,
2,Example_Files/Y.v15.txt,7707,11,35,9,15,20,True,True,9,2,2,True,
2,Example_Files/Y.v15.txt,7969,11,44,9,16,25,True,True,9,2,2,True,
2,Example_Files/Y.v15.txt,7991,11,31,9,17,26,True,True,9,2,2,True,
2,Example_Files/Y.v15.txt,8350,11,44,9,12,16,True,True,9,2,2,True,
2,Example_Files/Y.v15.txt,8360,11,43,9,12,20,True,True,9,2,2,True,
2,Example_Files/Y.v15.txt,8478,11,39,9,13,17,True,True,9,2,2,True,
2,Example_Files/Y.v15.txt,8500,11,43,9,14,17,True,True,9,2,2,True,
2,Example_Files/Y.v15.txt,8553,11,37,9,14,19,True,True,9,2,2,True,
2,Example_Files/Y.v15.txt,8577,11,31,9,15,20,True,True,9,2,2,True,
2,Example_Files/Y.v15.txt,8643,11,37,9,13,19,True,True,9,2,2,True,
2,Example_Files/Y.v15.txt,8657,11,37,9,14,19,True,True,9,2,2,True,
2,Example_Files/Y.v15.txt,8725,11,36,9,11,13,True,True,9,2,2,True,
2,Example_Files/Y.v15.txt,8780,11,32,9,13,19,True,True,9,2,2,True,
2,Example_Files/Y.v15.txt,8782,11,29,9,13,19,True,True,9,2,2,True,
2,Example_Files/Y.v15.txt,8865,11,39,9,12,17,True,True,9,2,2,True,
2,Example_Files/Y.v15.txt,9189,11,32,9,13,19,True,True,9,2,2,True,
2,Example_Files/Y.v15.txt,9279,11,33,9,13,18,True,True,9,2,2,True,
2,Example_Files/Y.v15.txt,9367,11,43,9,13,17,True,True,9,2,2,True,
2,Example_Files/Y.v15.txt,9746,11,37,9,14,20,True,True,9,2,2,True,
2,Example_Files/Y.v15.txt,9950,11,38,9,15,19,True,True,9,2,2,True,
2,Example_Files/Y.v15.txt,10835,11,39,9,13,17,True,True,9,2,2,True,
2,Example_Files/Y.v15.txt,11800,11,33,9,14,20,True,True,9,2,2,True,
2,Example_Files/Y.v15.txt,11828,11,36,9,17,26,True,True,9,2,2,True,
2,Example_Files/Y.v15.txt,11858,11,32,9,17,22,True,True,9,2,2,True,
2,Example_Files/Y.v15.txt,11885,11,29,9,13,19,True,True,9,2,2,True,
2,Example_Files/Y.v15.txt,11968,11,33,9,14,18,True,True,9,2,2,True,
2,Example_Files/Y.v15.txt,12085,11,29,9,13,19,True,True,9,2,2,True,
2,Example_Files/Y.v15.txt,12164,11,34,9,13,19,True,True,9,2,2,True,
2,Example_Files/Y.v15.txt,12171,11,34,9,14,19,True,True,9,2,2,True,
2,Example_Files/Y.v15.txt,12280,11,34,9,13,19,True,True,9,2,2,True,
2,Example_Files/Y.v15.txt,12281,11,34,9,15,19,True,True,9,2,2,True,
2,Example_Files/Y.v15.txt,12333,11,33,9,14,20,True,True,9,2,2,True,
2,Example_Files/Y.v15.txt,12336,11,32,9,13,20,True,True,9,2,2,True,
2,Example_Files/Y.v15.txt,12749,11,31,9,18,29,True,True,9,2,2,True,
2,Example_Files/Y.v15.txt,12761,11,31,9,16,20,True,True,9,2,2,True,
2,Example_Files/Y.v15.txt,12797,11,36,9,14,19,True,True,9,2,2,True,
2,Example_Files/Y.v15.txt,12929,11,38,9,16,19,True,True,9,2,2,True,
2,Example_Files/Y.v15.txt,12972,11,32,9,15,19,True,True,9,2,2,True,
2,Example_Files/Y.v15.txt,12989,11,34,9,14,19,True,True,9,2,2,True,
2,Example_Files/Y.v15.txt,13149,11,33,9,13,18,True,True,9,2,2,True,
2,Example_Files/Y.v15.txt,13234,11,31,9,15,20,True,True,9,2,2,True,
2,Example_Files/Y.v15.txt,13252,11,33,9,13,18,True,True,9,2,2,True,
2,Example_Files/Y.v15.txt,13417,11,33,9,14,18,True,True,9,2,2,True,
2,Example_Files/Y.v15.txt,13657,11,40,9,12,19,True,True,9,2,2,True,
2,Example_Files/Y.v15.txt,13659,11,41,9,13,20,True,True,9,2,2,True,
2,Example_Files/Y.v15.txt,13726,11,39,9,12,20,True,True,9,2,2,True,
2,Example_Files/Y.v15.txt,13739,11,39,9,13,19,True,True,9,2,2,True,
2,Example_Files/Y.v15.txt,13765,11,39,9,13,19,True,True,9,2,2,True,
2,Example_Files/Y.v15.txt,14265,11,35,9,12,20,True,True,9,2,2,True,
2,Example_Files/Y.v15.txt,14324,11,33,9,11,19,True,True,9,2,2,True,
2,Example_Files/Y.v15.txt,14514,11,29,9,12,16,True,True,9,2,2,True,
2,Example_Files/Y.v15.txt,14545,11,34,9,12,18,True,True,9,2,2,True,
2,Example_Files/Y.v15.txt,14630,11,32,9,13,20,True,True,9,2,2,True,
2,Example_Files/Y.v15.txt,14675,11,33,9,15,22,True,True,9,2,2,True,
2,Example_Files/Y.v15.txt,14729,11,32,9,13,17,True,True,9,2,2,True,
2,Example_Files/Y.v15.txt,15076,11,37,9,13,18,True,True,9,2,2,True,
2,Example_Files/Y.v15.txt,15125,11,36,9,13,19,True,True,9,2,2,True,
2,Example_Files/Y.v15.txt,15213,11,36,9,13,17,True,True,9,2,2,True,
2,Example_Files/Y.v15.txt,15438,11,36,9,12,19,True,True,9,2,2,True,
2,Example_Files/Y.v15.txt,15686,11,29,9,11,16,True,True,9,2,2,True,
2,Example_Files/Y.v15.txt,15779,11,32,9,15,19,True,True,9,2,2,True,
2,Example_Files/Y.v15.txt,15971,11,33,9,14,18,True,True,9,2,2,True,
2,Example_Files/Y.v15.txt,16222,11,38,9,14,18,True,True,9,2,2,True,
2,Example_Files/Y.v15.txt,16408,11,39,9,11,20,True,True,9,2,2,True,
2,Example_Files/Y.v15.txt,16423,11,33,9,15,24,True,True,9,2,2,True,
2,Example_Files/Y.v15.txt,16481,11,38,9,14,18,True,True,9,2,2,True,
2,Example_Files/Y.v15.txt,16974,11,35,9,13,17,True,True,9,2,2,True,
2,Example_Files/Y.v15.txt,17032,11,37,9,13,18,True,True,9,2,2,True,
2,Example_Files/Y.v15.txt,17034,11,37,9,14,16,True,True,9,2,2,True,
2,Example_Files/Y.v15.txt,17435,11,50,9,15,18,True,True,9,2,2,True,
2,Example_Files/Y.v15.txt,17436,11,33,9,18,33,True,True,9,2,2,True,
2,Example_Files/Y.v15.txt,17437,11,29,9,12,18,True,True,9,2,2,True,
2,Example_Files/Y.v15.txt,17464,11,36,9,18,23,True,True,9,2,2,True,
2,Example_Files/Y.v15.txt,17471,11,38,9,16,23,True,True,9,2,2,True,
2,Example_Files/Y.v15.txt,17484,11,34,9,17,23,True,True,9,2,2,True,
2,Example_Files/Y.v15.txt,17548,11,31,9,17,28,True,True,9,2,2,True,
2,Example_Files/Y.v15.txt,17714,11,31,9,13,23,True,True,9,2,2,True,
2,Example_Files/Y.v15.txt,17725,11,36,9,17,25,True,True,9,2,2,True,
2,Example_Files/Y.v15.txt,17741,12,29,10,20,31,True,True,10,2,2,True,
2,Example_Files/Y.v15.txt,17767,11,44,9,14,20,True,True,9,2,2,True,
2,Example_Files/Y.v15.txt,17774,11,45,9,12,21,True,True,9,2,2,True,
2,Example_Files/Y.v15.txt,17793,11,36,9,15,19,True,True,9,2,2,True,
2,Example_Files/Y.v15.txt,17880,11,39,9,18,22,True,True,9,2,2,True,
2,Example_Files/Y.v15.txt,18092,11,41,9,14,19,True,True,9,2,2,True,
2,Example_Files/Y.v15.txt,18194,11,41,9,16,19,True,True,9,2,2,True,
2,Example_Files/Y.v15.txt,18264,11,36,9,14,17,True,True,9,2,2,True,
2,Example_Files/Y.v15.txt,18278,11,36,9,13,19,True,True,9,2,2,True,
2,Example_Files/Y.v15.txt,18427,11,34,9,14,20,True,True,9,2,2,True,
2,Example_Files/Y.v15.txt,18582,11,33,9,12,21,True,True,9,2,2,True,
2,Example_Files/Y.v15.txt,18699,11,32,9,15,19,True,True,9,2,2,True,
2,Example_Files/Y.v15.txt,18701,11,32,9,14,20,True,True,9,2,2,True,
2,Example_Files/Y.v15.txt,18703,11,30,9,13,19,True,True,9,2,2,True,
2,Example_Files/Y.v15.txt,18715,11,34,9,16,21,True,True,9,2,2,True,
2,Example_Files/Y.v15.txt,18783,12,29,10,17,26,True,True,10,2,2,True,
2,Example_Files/Y.v15.txt,18784,11,29,9,12,21,True,True,9,2,2,True,
2,Example_Files/Y.v15.txt,18873,12,29,10,22,31,True,True,10,2,2,True,
2,Example_Files/Y.v15.txt,18888,11,34,9,20,33,True,True,9,2,2,True,
2,Example_Files/Y.v15.txt,19060,11,34,9,19,26,True,True,9,2,2,True,
2,Example_Files/Y.v15.txt,19114,11,42,9,13,18,True,True,9,2,2,True,
2,Example_Files/Y.v15.txt,19119,11,39,9,13,17,True,True,9,2,2,True,
2,Example_Files/Y.v15.txt,19217,11,31,9,15,26,True,True,9,2,2,True,
2,Example_Files/Y.v15.txt,19289,11,34,9,15,23,True,True,9,2,2,True,
2,Example_Files/Y.v15.txt,19304,11,32,9,13,20,True,True,9,2,2,True,
2,Example_Files/Y.v15.txt,19305,11,31,9,15,26,True,True,9,2,2,True,
2,Example_Files/Y.v15.txt,19309,11,32,9,13,20,True,True,9,2,2,True,
2,Example_Files/Y.v15.txt,19319,11,36,9,12,20,True,True,9,2,2,True,
2,Example_Files/Y.v15.txt,19675,11,50,9,13,18,True,True,9,2,2,True,
2,Example_Files/Y.v15.txt,20667,11,36,9,12,14,True,True,9,2,2,True,
2,Example_Files/Y.v15.txt,20673,11,31,9,17,30,True,True,9,2,2,True,
2,Example_Files/Y.v15.txt,20940,11,41,9,17,24,True,True,9,2,2,True,
2,Example_Files/Y.v15.txt,21017,11,47,9,15,17,True,True,9,2,2,True,
2,Example_Files/Y.v15.txt,21285,11,36,9,17,25,True,True,9,2,2,True,
2,Example_Files/Y.v15.txt,21397,11,43,9,14,18,True,True,9,2,2,True,
2,Example_Files/Y.v15.txt,21494,11,38,9,14,20,True,True,9,2,2,True,
2,Example_Files/Y.v15.txt,21586,11,43,9,15,18,True,True,9,2,2,True,
2,Example_Files/Y.v15.txt,21674,11,38,9,15,20,True,True,9,2,2,True,
2,Example_Files/Y.v15.txt,21706,11,37,9,15,18,True,True,9,2,2,True,
2,Example_Files/Y.v15.txt,21709,11,43,9,15,18,True,True,9,2,2,True,
2,Example_Files/Y.v15.txt,21747,11,41,9,17,24,True,True,9,2,2,True,
2,Example_Files/Y.v15.txt,21850,11,39,9,13,19,True,True,9,2,2,True,
2,Example_Files/Y.v15.txt,21897,11,37,9,14,18,True,True,9,2,2,True,
2,Example_Files/Y.v15.txt,22050,11,32,9,16,19,True,True,9,2,2,True,
2,Example_Files/Y.v15.txt,22065,11,43,9,15,18,True,True,9,2,2,True,
2,Example_Files/Y.v15.txt,22094,11,35,9,15,20,True,True,9,2,2,True,
2,Example_Files/Y.v15.txt,22096,11,34,9,13,21,True,True,9,2,2,True,
2,Example_Files/Y.v15.txt,22133,11,37,9,14,18,True,True,9,2,2,True,
2,Example_Files/Y.v15.txt,22298,11,35,9,15,24,True,True,9,2,2,True,
2,Example_Files/Y.v15.txt,22355,11,36,9,13,19,True,True,9,2,2,True,
2,Example_Files/Y.v15.txt,22358,11,35,9,14,17,True,True,9,2,2,True,
2,Example_Files/Y.v15.txt,23029,11,45,9,12,17,True,True,9,2,2,True,
2,Example_Files/Y.v15.txt,23493,11,46,9,12,15,True,True,9,2,2,True,
2,Example_Files/Y.v15.txt,23682,11,45,9,13,17,True,True,9,2,2,True,
2,Example_Files/Y.v15.txt,23833,11,46,9,16,20,True,True,9,2,2,True,
2,Example_Files/Y.v15.txt,23934,11,43,9,14,17,True,True,9,2,2,True,
2,Example_Files/Y.v15.txt,24064,11,41,9,15,18,True,True,9,2,2,True,
2,Example_Files/Y.v15.txt,24272,11,38,9,14,19,True,True,9,2,2,True,
2,Example_Files/Y.v15.txt,24353,11,41,9,18,23,True,True,9,2,2,True,
2,Example_Files/Y.v15.txt,24636,11,32,9,17,22,True,True,9,2,2,True,
2,Example_Files/Y.v15.txt,25033,11,43,9,15,17,True,True,9,2,2,True,
2,Example_Files/Y.v15.txt,25050,11,43,9,15,17,True,True,9,2,2,True,
2,Example_Files/Y.v15.txt,25324,11,38,9,14,19,True,True,9,2,2,True,
2,Example_Files/Y.v15.txt,25335,11,33,9,12,18,True,True,9,2,2,True,
2,Example_Files/Y.v15.txt,25406,11,37,9,14,19,True,True,9,2,2,True,
2,Example_Files/Y.v15.txt,25420,11,37,9,13,19,True,True,9,2,2,True,
2,Example_Files/Y.v15.txt,25757,11,38,9,14,19,True,True,9,2,2,True,
2,Example_Files/Y.v15.txt,25966,11,37,9,17,25,True,True,9,2,2,True,
2,Example_Files/Y.v15.txt,25978,11,37,9,11,18,True,True,9,2,2,True,
2,Example_Files/Y.v15.txt,26014,11,36,9,12,16,True,True,9,2,2,True,
2,Example_Files/Y.v15.txt,26077,11,32,9,16,22,True,True,9,2,2,True,
2,Example_Files/Y.v15.txt,26173,11,34,9,14,19,True,True,9,2,2,True,
2,Example_Files/Y.v15.txt,26191,11,36,9,18,26,True,True,9,2,2,True,
2,Example_Files/Y.v15.txt,26213,11,32,9,13,19,True,True,9,2,2,True,
2,Example_Files/Y.v15.txt,26324,11,38,9,15,19,True,True,9,2,2,True,
2,Example_Files/Y.v15.txt,26594,11,43,9,13,17,True,True,9,2,2,True,
2,Example_Files/Y.v15.txt,26611,11,37,9,16,24,True,True,9,2,2,True,
2,Example_Files/Y.v15.txt,26612,11,34,9,15,19,True,True,9,2,2,True,
2,Example_Files/Y.v15.txt,26628,11,38,9,15,19,True,True,9,2,2,True,
2,Example_Files/Y.v15.txt,26700,11,31,9,17,29,True,True,9,2,2,True,
2,Example_Files/Y.v15.txt,26888,11,41,9,17,24,True,True,9,2,2,True,
2,Example_Files/Y.v15.txt,27145,11,35,9,11,18,True,True,9,2,2,True,
2,Example_Files/Y.v15.txt,27337,11,34,9,13,18,True,True,9,2,2,True,
2,Example_Files/Y.v15.txt,27374,11,34,9,12,18,True,True,9,2,2,True,
2,Example_Files/Y.v15.txt,27527,11,30,9,17,21,True,True,9,2,2,True,
2,Example_Files/Y.v15.txt,27675,11,34,9,16,23,True,True,9,2,2,True,
2,Example_Files/Y.v15.txt,27807,11,34,9,12,20,True,True,9,2,2,True,
2,Example_Files/Y.v15.txt,27988,11,37,9,13,19,True,True,9,2,2,True,
2,Example_Files/Y.v15.txt,27995,11,34,9,15,19,True,True,9,2,2,True,
2,Example_Files/Y.v15.txt,28002,11,34,9,12,20,True,True,9,2,2,True,
2,Example_Files/Y.v15.txt,28184,11,37,9,15,24,True,True,9,2,2,True,
2,Example_Files/Y.v15.txt,28505,11,39,9,16,26,True,True,9,2,2,True,
2,Example_Files/Y.v15.txt,28645,11,35,9,16,20,True,True,9,2,2,True,
2,Example_Files/Y.v15.txt,28682,11,37,9,14,18,True,True,9,2,2,True,
2,Example_Files/Y.v15.txt,28827,11,29,9,12,18,True,True,9,2,2,True,
2,Example_Files/Y.v15.txt,28841,11,30,9,15,21,True,True,9,2,2,True,
2,Example_Files/Y.v15.txt,28860,11,29,9,9,18,True,True,9,2,2,True,
2,Example_Files/Y.v15.txt,28876,11,29,9,13,19,True,True,9,2,2,True,
2,Example_Files/Y.v15.txt,29304,11,52,9,15,17,True,True,9,2,2,True,
2,Example_Files/Y.v15.txt,29463,11,47,9,13,16,True,True,9,2,2,True,
2,Example_Files/Y.v16.txt,166,12,43,10,15,20,True,True,10,2,2,True,
2,Example_Files/Y.v16.txt,258,12,31,10,15,17,True,True,10,2,2,True,
2,Example_Files/Y.v16.txt,277,12,28,10,18,26,True,True,10,2,2,True,
2,Example_Files/Y.v16.txt,292,12,29,10,15,20,True,True,10,2,2,True,
2,Example_Files/Y.v16.txt,301,12,29,10,17,26,True,True,10,2,2,True,
2,Example_Files/Y.v16.txt,372,12,31,10,17,19,True,True,10,2,2,True,
2,Example_Files/Y.v16.txt,435,12,31,10,15,19,True,True,10,2,2,True,
2,Example_Files/Y.v16.txt,444,12,34,10,18,22,True,True,10,2,2,True,
2,Example_Files/Y.v16.txt,446,12,31,10,19,24,True,True,10,2,2,True,
2,Example_Files/Y.v16.txt,461,12,32,10,15,18,True,True,10,2,2,True,
2,Example_Files/Y.v16.txt,499,12,33,10,16,23,True,True,10,2,2,True,
2,Example_Files/Y.v16.txt,506,12,32,10,16,23,True,True,10,2,2,True,
2,Example_Files/Y.v16.txt,537,12,34,10,16,22,True,True,10,2,2,True,
2,Example_Files/Y.v16.txt,538,12,34,10,16,20,True,True,10,2,2,True,
2,Example_Files/Y.v16.txt,671,12,42,10,18,26,True,True,10,2,2,True,
2,Example_Files/Y.v16.txt,679,12,44,10,15,21,True,True,10,2,2,True,
2,Example_Files/Y.v16.txt,701,12,40,10,17,26,True,True,10,2,2,True,
2,Example_Files/Y.v16.txt,704,12,40,10,18,26,True,True,10,2,2,True,
2,Example_Files/Y.v16.txt,709,12,40,10,15,22,True,True,10,2,2,True,
2,Example_Files/Y.v16.txt,764,12,35,10,18,25,True,True,10,2,2,True,
2,Example_Files/Y.v16.txt,779,12,31,10,16,19,True,True,10,2,2,True,
2,Example_Files/Y.v16.txt,827,12,32,10,16,21,True,True,10,2,2,True,
2,Example_Files/Y.v16.txt,847,12,32,10,18,21,True,True,10,2,2,True,
2,Example_Files/Y.v16.txt,889,12,30,10,20,28,True,True,10,2,2,True,
2,Example_Files/Y.v16.txt,972,12,33,10,18,25,True,True,10,2,2,True,
2,Example_Files/Y.v16.txt,996,12,28,10,17,26,True,True,10,2,2,True,
2,Example_Files/Y.v16.txt,1031,12,38,10,18,26,True,True,10,2,2,True,
2,Example_Files/Y.v16.txt,1037,12,34,10,15,19,True,True,10,2,2,True,
2,Example_Files/Y.v16.txt,1041,12,36,10,19,24,True,True,10,2,2,True,
2,Example_Files/Y.v16.txt,1049,12,36,10,18,27,True,True,10,2,2,True,
2,Example_Files/Y.v16.txt,1068,12,34,10,19,24,True,True,10,2,2,True,
2,Example_Files/Y.v16.txt,1343,12,36,10,17,18,True,True,10,2,2,True,
2,Example_Files/Y.v16.txt,1360,12,35,10,16,21,True,True,10,2,2,True,
2,Example_Files/Y.v16.txt,1416,12,36,10,16,18,True,True,10,2,2,True,
2,Example_Files/Y.v16.txt,1472,12,36,10,16,18,True,True,10,2,2,True,
2,Example_Files/Y.v16.txt,1478,12,36,10,17,18,True,True,10,2,2,True,
2,Example_Files/Y.v16.txt,1489,12,34,10,16,19,True,True,10,2,2,True,
2,Example_Files/Y.v16.txt,1578,12,34,10,15,19,True,True,10,2,2,True,
2,Example_Files/Y.v16.txt,1591,12,34,10,15,19,True,True,10,2,2,True,
2,Example_Files/Y.v16.txt,1634,12,31,10,16,20,True,True,10,2,2,True,
2,Example_Files/Y.v16.txt,1637,12,34,10,19,21,True,True,10,2,2,True,
2,Example_Files/Y.v16.txt,1649,12,33,10,18,22,True,True,10,2,2,True,
2,Example_Files/Y.v16.txt,1802,12,34,10,14,16,True,True,10,2,2,True,
2,Example_Files/Y.v16.txt,1856,12,36,10,19,20,True,True,10,2,2,True,
2,Example_Files/Y.v16.txt,1880,12,36,10,17,20,True,True,10,2,2,True,
2,Example_Files/Y.v16.txt,1881,12,36,10,17,20,True,True,10,2,2,True,
2,Example_Files/Y.v16.txt,1908,12,34,10,14,19,True,True,10,2,2,True,
2,Example_Files/Y.v16.txt,1973,12,38,10,18,24,True,True,10,2,2,True,
2,Example_Files/Y.v16.txt,2008,12,39,10,17,19,True,True,10,2,2,True,
2,Example_Files/Y.v16.txt,2011,12,38,10,19,24,True,True,10,2,2,True,
2,Example_Files/Y.v16.txt,2058,12,34,10,16,19,True,True,10,2,2,True,
2,Example_Files/Y.v16.txt,2203,12,34,10,16,19,True,True,10,2,2,True,
2,Example_Files/Y.v16.txt,2206,12,36,10,17,20,True,True,10,2,2,True,
2,Example_Files/Y.v16.txt,2413,12,36,10,16,20,True,True,10,2,2,True,
2,Example_Files/Y.v16.txt,2427,12,34,10,16,19,True,True,10,2,2,True,
2,Example_Files/Y.v16.txt,2540,12,34,10,16,19,True,True,10,2,2,True,
2,Example_Files/Y.v16.txt,2703,12,33,10,19,25,True,True,10,2,2,True,
2,Example_Files/Y.v16.txt,2800,12,31,10,18,23,True,True,10,2,2,True,
2,Example_Files/Y.v16.txt,2821,12,30,10,14,18,True,True,10,2,2,True,
2,Example_Files/Y.v16.txt,2878,12,33,10,20,22,True,True,10,2,2,True,
2,Example_Files/Y.v16.txt,3042,12,32,10,16,21,True,True,10,2,2,True,
2,Example_Files/Y.v16.txt,3063,12,30,10,19,28,True,True,10,2,2,True,
2,Example_Files/Y.v16.txt,3122,12,32,10,18,21,True,True,10,2,2,True,
2,Example_Files/Y.v16.txt,3250,12,31,10,17,23,True,True,10,2,2,True,
2,Example_Files/Y.v16.txt,3313,12,33,10,18,22,True,True,10,2,2,True,
2,Example_Files/Y.v16.txt,3397,12,34,10,17,21,True,True,10,2,2,True,
2,Example_Files/Y.v16.txt,3585,12,36,10,17,20,True,True,10,2,2,True,
2,Example_Files/Y.v16.txt,3620,12,33,10,17,20,True,True,10,2,2,True,
2,Example_Files/Y.v16.txt,3636,12,32,10,16,21,True,True,10,2,2,True,
2,Example_Files/Y.v16.txt,3684,12,32,10,16,21,True,True,10,2,2,True,
2,Example_Files/Y.v16.txt,3690,12,30,10,14,18,True,True,10,2,2,True,
2,Example_Files/Y.v16.txt,3704,12,32,10,13,16,True,True,10,2,2,True,
2,Example_Files/Y.v16.txt,3778,12,32,10,14,21,True,True,10,2,2,True,
2,Example_Files/Y.v16.txt,3797,12,32,10,18,21,True,True,10,2,2,True,
2,Example_Files/Y.v16.txt,3817,12,26,10,14,16,True,True,10,2,2,True,
2,Example_Files/Y.v16.txt,3862,12,31,10,17,23,True,True,10,2,2,True,
2,Example_Files/Y.v16.txt,3865,12,32,10,16,21,True,True,10,2,2,True,
2,Example_Files/Y.v16.txt,3874,12,33,10,18,22,True,True,10,2,2,True,
2,Example_Files/Y.v16.txt,3961,12,31,10,18,23,True,True,10,2,2,True,
2,Example_Files/Y.v16.txt,3996,12,30,10,15,18,True,True,10,2,2,True,
2,Example_Files/Y.v16.txt,4012,12,29,10,15,17,True,True,10,2,2,True,
2,Example_Files/Y.v16.txt,4024,12,31,10,16,23,True,True,10,2,2,True,
2,Example_Files/Y.v16.txt,4075,12,29,10,15,17,True,True,10,2,2,True,
2,Example_Files/Y.v16.txt,4109,12,32,10,16,20,True,True,10,2,2,True,
2,Example_Files/Y.v16.txt,4121,12,28,10,14,18,True,True,10,2,2,True,
2,Example_Files/Y.v16.txt,4122,12,26,10,12,18,True,True,10,2,2,True,
2,Example_Files/Y.v16.txt,4127,12,28,10,15,21,True,True,10,2,2,True,
2,Example_Files/Y.v16.txt,4142,12,30,10,19,28,True,True,10,2,2,True,
2,Example_Files/Y.v16.txt,4167,12,32,10,16,24,True,True,10,2,2,True,
2,Example_Files/Y.v16.txt,4206,12,29,10,14,20,True,True,10,2,2,True,
2,Example_Files/Y.v16.txt,4633,12,33,10,18,23,True,True,10,2,2,True,
2,Example_Files/Y.v16.txt,4801,12,30,10,18,30,True,True,10,2,2,True,
2,Example_Files/Y.v16.txt,4802,12,31,10,14,22,True,True,10,2,2,True,
2,Example_Files/Y.v16.txt,4969,12,31,10,16,19,True,True,10,2,2,True,
2,Example_Files/Y.v16.txt,4985,12,31,10,14,14,True,True,10,2,2,True,
2,Example_Files/Y.v16.txt,4989,12,31,10,15,16,True,True,10,2,2,True,
2,Example_Files/Y.v16.txt,5346,12,29,10,15,20,True,True,10,2,2,True,
2,Example_Files/Y.v16.txt,5637,12,29,10,17,20,True,True,10,2,2,True,
2,Example_Files/Y.v16.txt,5654,12,28,10,22,26,True,True,10,2,2,True,
2,Example_Files/Y.v16.txt,5695,12,29,10,16,20,True,True,10,2,2,True,
2,Example_Files/Y.v16.txt,5736,12,31,10,18,25,True,True,10,2,2,True,
2,Example_Files/Y.v16.txt,5849,12,31,10,16,21,True,True,10,2,2,True,
2,Example_Files/Y.v16.txt,5932,12,34,10,18,22,True,True,10,2,2,True,
2,Example_Files/Y.v16.txt,5935,12,29,10,15,18,True,True,10,2,2,True,
2,Example_Files/Y.v16.txt,6153,12,31,10,15,19,True,True,10,2,2,True,
2,Example_Files/Y.v16.txt,6327,12,29,10,14,19,True,True,10,2,2,True,
2,Example_Files/Y.v16.txt,6336,12,29,10,17,19,True,True,10,2,2,True,
2,Example_Files/Y.v16.txt,6439,12,29,10,15,20,True,True,10,2,2,True,
2,Example_Files/Y.v16.txt,6473,12,30,10,15,20,True,True,10,2,2,True,
2,Example_Files/Y.v16.txt,6494,12,36,10,18,30,True,True,10,2,2,True,
2,Example_Files/Y.v16.txt,6512,12,36,10,18,23,True,True,10,2,2,True,
2,Example_Files/Y.v16.txt,6614,12,44,10,16,26,True,True,10,2,2,True,
2,Example_Files/Y.v16.txt,6697,12,34,10,20,26,True,True,10,2,2,True,
2,Example_Files/Y.v16.txt,6722,12,34,10,18,26,True,True,10,2,2,True,
2,Example_Files/Y.v16.txt,6749,12,31,10,21,31,True,True,10,2,2,True,
2,Example_Files/Y.v16.txt,6752,12,42,10,14,19,True,True,10,2,2,True,
2,Example_Files/Y.v16.txt,6781,12,35,10,16,21,True,True,10,2,2,True,
2,Example_Files/Y.v16.txt,6845,12,36,10,18,26,True,True,10,2,2,True,
2,Example_Files/Y.v16.txt,6903,12,30,10,17,22,True,True,10,2,2,True,
2,Example_Files/Y.v16.txt,6968,12,37,10,16,22,True,True,10,2,2,True,
2,Example_Files/Y.v16.txt,7026,12,36,10,20,26,True,True,10,2,2,True,
2,Example_Files/Y.v16.txt,7063,12,38,10,17,21,True,True,10,2,2,True,
2,Example_Files/Y.v16.txt,7208,12,38,10,17,21,True,True,10,2,2,True,
2,Example_Files/Y.v16.txt,7321,12,34,10,15,22,True,True,10,2,2,True,
2,Example_Files/Y.v16.txt,7346,12,36,10,19,26,True,True,10,2,2,True,
2,Example_Files/Y.v16.txt,7367,12,34,10,18,26,True,True,10,2,2,True,
2,Example_Files/Y.v16.txt,7384,12,32,10,16,18,True,True,10,2,2,True,
2,Example_Files/Y.v16.txt,7411,12,31,10,21,29,True,True,10,2,2,True,
2,Example_Files/Y.v16.txt,7415,12,29,10,18,27,True,True,10,2,2,True,
2,Example_Files/Y.v16.txt,7438,12,31,10,15,17,True,True,10,2,2,True,
2,Example_Files/Y.v16.txt,7623,12,29,10,16,20,True,True,10,2,2,True,
2,Example_Files/Y.v16.txt,7698,12,34,10,18,26,True,True,10,2,2,True,
2,Example_Files/Y.v16.txt,7725,12,30,10,16,22,True,True,10,2,2,True,
2,Example_Files/Y.v16.txt,7744,12,34,10,16,19,True,True,10,2,2,True,
2,Example_Files/Y.v16.txt,7835,12,33,10,17,25,True,True,10,2,2,True,
2,Example_Files/Y.v16.txt,8074,12,45,10,14,18,True,True,10,2,2,True,
2,Example_Files/Y.v16.txt,8090,12,28,10,17,25,True,True,10,2,2,True,
2,Example_Files/Y.v16.txt,8751,12,31,10,19,21,True,True,10,2,2,True,
2,Example_Files/Y.v16.txt,9296,12,36,10,20,27,True,True,10,2,2,True,
2,Example_Files/Y.v16.txt,9390,12,33,10,16,21,True,True,10,2,2,True,
2,Example_Files/Y.v16.txt,9752,12,30,10,15,22,True,True,10,2,2,True,
2,Example_Files/Y.v16.txt,9969,12,34,10,12,17,True,True,10,2,2,True,
2,Example_Files/Y.v16.txt,9976,12,37,10,14,19,True,True,10,2,2,True,
2,Example_Files/Y.v16.txt,10011,12,38,10,16,20,True,True,10,2,2,True,
2,Example_Files/Y.v16.txt,10020,12,38,10,18,20,True,True,10,2,2,True,
2,Example_Files/Y.v16.txt,10238,12,38,10,17,20,True,True,10,2,2,True,
2,Example_Files/Y.v16.txt,10324,12,31,10,18,27,True,True,10,2,2,True,
2,Example_Files/Y.v16.txt,10696,12,33,10,15,21,True,True,10,2,2,True,
2,Example_Files/Y.v16.txt,10887,12,33,10,15,21,True,True,10,2,2,True,
2,Example_Files/Y.v16.txt,10897,12,33,10,17,21,True,True,10,2,2,True,
2,Example_Files/Y.v16.txt,11043,12,32,10,15,20,True,True,10,2,2,True,
2,Example_Files/Y.v16.txt,11050,12,33,10,15,19,True,True,10,2,2,True,
2,Example_Files/Y.v16.txt,11068,12,29,10,16,20,True,True,10,2,2,True,
2,Example_Files/Y.v16.txt,11085,12,32,10,16,21,True,True,10,2,2,True,
2,Example_Files/Y.v16.txt,11098,12,30,10,16,22,True,True,10,2,2,True,
2,Example_Files/Y.v16.txt,11125,12,32,10,14,21,True,True,10,2,2,True,
2,Example_Files/Y.v16.txt,11161,12,32,10,15,20,True,True,10,2,2,True,
2,Example_Files/Y.v16.txt,11236,12,32,10,16,20,True,True,10,2,2,True,
2,Example_Files/Y.v16.txt,11303,12,34,10,17,20,True,True,10,2,2,True,
2,Example_Files/Y.v16.txt,11306,12,32,10,19,23,True,True,10,2,2,True,
2,Example_Files/Y.v16.txt,11396,12,30,10,15,15,True,True,10,2,2,True,
2,Example_Files/Y.v16.txt,11413,12,33,10,16,21,True,True,10,2,2,True,
2,Example_Files/Y.v16.txt,11449,12,29,10,19,29,True,True,10,2,2,True,
2,Example_Files/Y.v16.txt,11600,12,31,10,12,15,True,True,10,2,2,True,
2,Example_Files/Y.v16.txt,11627,12,33,10,17,19,True,True,10,2,2,True,
2,Example_Files/Y.v16.txt,11637,12,34,10,14,14,True,True,10,2,2,True,
2,Example_Files/Y.v16.txt,11678,12,32,10,15,20,True,True,10,2,2,True,
2,Example_Files/Y.v16.txt,11694,12,33,10,15,21,True,True,10,2,2,True,
2,Example_Files/Y.v16.txt,11899,12,31,10,20,27,True,True,10,2,2,True,
2,Example_Files/Y.v16.txt,12375,12,39,10,14,20,True,True,10,2,2,True,
2,Example_Files/Y.v16.txt,12413,12,38,10,13,20,True,True,10,2,2,True,
2,Example_Files/Y.v16.txt,12641,12,35,10,15,19,True,True,10,2,2,True,
2,Example_Files/Y.v16.txt,13100,12,31,10,19,25,True,True,10,2,2,True,
2,Example_Files/Y.v16.txt,13101,12,31,10,19,25,True,True,10,2,2,True,
2,Example_Files/Y.v16.txt,13103,12,31,10,18,25,True,True,10,2,2,True,
2,Example_Files/Y.v16.txt,13146,12,31,10,15,22,True,True,10,2,2,True,
2,Example_Files/Y.v16.txt,13225,12,31,10,15,22,True,True,10,2,2,True,
2,Example_Files/Y.v16.txt,13228,12,32,10,16,21,True,True,10,2,2,True,
2,Example_Files/Y.v16.txt,13313,12,31,10,17,25,True,True,10,2,2,True,
2,Example_Files/Y.v16.txt,13347,12,36,10,17,26,True,True,10,2,2,True,
2,Example_Files/Y.v16.txt,13509,12,31,10,16,19,True,True,10,2,2,True,
2,Example_Files/Y.v16.txt,13633,12,32,10,17,21,True,True,10,2,2,True,
2,Example_Files/Y.v16.txt,13672,12,32,10,17,21,True,True,10,2,2,True,
2,Example_Files/Y.v16.txt,13736,12,35,10,16,18,True,True,10,2,2,True,
2,Example_Files/Y.v16.txt,13740,12,35,10,14,18,True,True,10,2,2,True,
2,Example_Files/Y.v16.txt,13741,12,36,10,13,20,True,True,10,2,2,True,
2,Example_Files/Y.v16.txt,13860,12,37,10,15,19,True,True,10,2,2,True,
2,Example_Files/Y.v16.txt,13923,12,34,10,15,19,True,True,10,2,2,True,
2,Example_Files/Y.v16.txt,14085,12,32,10,15,21,True,True,10,2,2,True,
2,Example_Files/Y.v16.txt,14380,12,32,10,18,21,True,True,10,2,2,True,
2,Example_Files/Y.v16.txt,14432,12,31,10,14,22,True,True,10,2,2,True,
2,Example_Files/Y.v16.txt,14930,12,34,10,16,22,True,True,10,2,2,True,
2,Example_Files/Y.v16.txt,15448,12,30,10,14,21,True,True,10,2,2,True,
2,Example_Files/Y.v16.txt,15449,12,33,10,16,25,True,True,10,2,2,True,
2,Example_Files/Y.v16.txt,15457,12,33,10,17,25,True,True,10,2,2,True,
2,Example_Files/Y.v16.txt,15571,12,31,10,15,21,True,True,10,2,2,True,
2,Example_Files/Y.v16.txt,15704,12,36,10,15,21,True,True,10,2,2,True,
2,Example_Files/Y.v16.txt,15745,12,30,10,16,22,True,True,10,2,2,True,
2,Example_Files/Y.v16.txt,15856,12,36,10,16,18,True,True,10,2,2,True,
2,Example_Files/Y.v16.txt,15942,12,32,10,15,21,True,True,10,2,2,True,
2,Example_Files/Y.v16.txt,15961,12,28,10,15,18,True,True,10,2,2,True,
2,Example_Files/Y.v16.txt,16232,12,32,10,16,21,True,True,10,2,2,True,
2,Example_Files/Y.v16.txt,16376,12,31,10,15,21,True,True,10,2,2,True,
2,Example_Files/Y.v16.txt,16415,12,31,10,19,24,True,True,10,2,2,True,
2,Example_Files/Y.v16.txt,16416,12,31,10,15,19,True,True,10,2,2,True,
2,Example_Files/Y.v16.txt,16472,12,31,10,17,19,True,True,10,2,2,True,
2,Example_Files/Y.v16.txt,16598,12,34,10,18,22,True,True,10,2,2,True,
2,Example_Files/Y.v16.txt,16682,12,32,10,15,18,True,True,10,2,2,True,
2,Example_Files/Y.v16.txt,16855,12,36,10,21,24,True,True,10,2,2,True,
2,Example_Files/Y.v16.txt,16860,12,31,10,21,29,True,True,10,2,2,True,
2,Example_Files/Y.v16.txt,16871,12,49,10,15,17,True,True,10,2,2,True,
2,Example_Files/Y.v16.txt,16878,12,40,10,16,21,True,True,10,2,2,True,
2,Example_Files/Y.v16.txt,16887,12,34,10,16,20,True,True,10,2,2,True,
2,Example_Files/Y.v16.txt,16930,12,32,10,16,21,True,True,10,2,2,True,
2,Example_Files/Y.v16.txt,16945,12,29,10,16,20,True,True,10,2,2,True,
2,Example_Files/Y.v16.txt,16980,12,29,10,15,21,True,True,10,2,2,True,
2,Example_Files/Y.v16.txt,16981,12,29,10,15,20,True,True,10,2,2,True,
2,Example_Files/Y.v16.txt,17165,12,29,10,18,29,True,True,10,2,2,True,
2,Example_Files/Y.v16.txt,17196,12,29,10,18,27,True,True,10,2,2,True,
2,Example_Files/Y.v16.txt,17234,12,31,10,15,19,True,True,10,2,2,True,
2,Example_Files/Y.v16.txt,17246,12,32,10,17,20,True,True,10,2,2,True,
2,Example_Files/Y.v16.txt,17250,12,31,10,17,24,True,True,10,2,2,True,
2,Example_Files/Y.v16.txt,17258,12,49,10,17,19,True,True,10,2,2,True,
2,Example_Files/Y.v16.txt,17397,12,36,10,18,22,True,True,10,2,2,True,
2,Example_Files/Y.v16.txt,17630,12,36,10,16,20,True,True,10,2,2,True,
2,Example_Files/Y.v16.txt,17653,12,39,10,15,17,True,True,10,2,2,True,
2,Example_Files/Y.v16.txt,17654,12,39,10,16,17,True,True,10,2,2,True,
2,Example_Files/Y.v16.txt,17730,12,36,10,16,18,True,True,10,2,2,True,
2,Example_Files/Y.v16.txt,17809,12,36,10,19,20,True,True,10,2,2,True,
2,Example_Files/Y.v16.txt,17810,12,36,10,20,24,True,True,10,2,2,True,
2,Example_Files/Y.v16.txt,17818,12,36,10,15,20,True,True,10,2,2,True,
2,Example_Files/Y.v16.txt,17853,12,36,10,20,24,True,True,10,2,2,True,
2,Example_Files/Y.v16.txt,17917,12,39,10,16,19,True,True,10,2,2,True,
2,Example_Files/Y.v16.txt,18165,12,29,10,14,17,True,True,10,2,2,True,
2,Example_Files/Y.v16.txt,18191,12,36,10,17,20,True,True,10,2,2,True,
2,Example_Files/Y.v16.txt,18206,12,31,10,16,19,True,True,10,2,2,True,
2,Example_Files/Y.v16.txt,18239,12,31,10,19,23,True,True,10,2,2,True,
2,Example_Files/Y.v16.txt,18252,12,36,10,18,20,True,True,10,2,2,True,
2,Example_Files/Y.v16.txt,18331,12,36,10,17,20,True,True,10,2,2,True,
2,Example_Files/Y.v16.txt,18347,12,36,10,19,24,True,True,10,2,2,True,
2,Example_Files/Y.v16.txt,18374,12,36,10,16,20,True,True,10,2,2,True,
2,Example_Files/Y.v16.txt,18375,12,40,10,16,21,True,True,10,2,2,True,
2,Example_Files/Y.v16.txt,18389,12,34,10,15,21,True,True,10,2,2,True,
2,Example_Files/Y.v16.txt,18403,12,36,10,17,20,True,True,10,2,2,True,
2,Example_Files/Y.v16.txt,18473,12,29,10,13,19,True,True,10,2,2,True,
2,Example_Files/Y.v16.txt,18503,12,30,10,14,18,True,True,10,2,2,True,
2,Example_Files/Y.v16.txt,18547,12,29,10,15,17,True,True,10,2,2,True,
2,Example_Files/Y.v16.txt,18632,12,33,10,17,23,True,True,10,2,2,True,
2,Example_Files/Y.v16.txt,18643,12,33,10,17,23,True,True,10,2,2,True,
2,Example_Files/Y.v16.txt,18721,12,31,10,20,29,True,True,10,2,2,True,
2,Example_Files/Y.v16.txt,18726,12,30,10,17,20,True,True,10,2,2,True,
2,Example_Files/Y.v16.txt,18727,12,30,10,15,18,True,True,10,2,2,True,
2,Example_Files/Y.v16.txt,18791,12,31,10,15,19,True,True,10,2,2,True,
2,Example_Files/Y.v16.txt,18864,15,28,13,31,43,True,True,13,2,2,True,
2,Example_Files/Y.v16.txt,18876,13,33,11,24,36,True,True,11,2,2,True,
2,Example_Files/Y.v16.txt,18974,12,30,10,13,20,True,True,10,2,2,True,
2,Example_Files/Y.v16.txt,18975,12,30,10,12,20,True,True,10,2,2,True,
2,Example_Files/Y.v16.txt,19029,12,36,10,20,26,True,True,10,2,2,True,
2,Example_Files/Y.v16.txt,19031,12,29,10,15,21,True,True,10,2,2,True,
2,Example_Files/Y.v16.txt,19148,12,32,10,19,24,True,True,10,2,2,True,
2,Example_Files/Y.v16.txt,19158,12,34,10,16,19,True,True,10,2,2,True,
2,Example_Files/Y.v16.txt,19163,12,31,10,14,22,True,True,10,2,2,True,
2,Example_Files/Y.v16.txt,19209,12,37,10,16,21,True,True,10,2,2,True,
2,Example_Files/Y.v16.txt,19221,12,37,10,17,21,True,True,10,2,2,True,
2,Example_Files/Y.v16.txt,19318,12,32,10,16,21,True,True,10,2,2,True,
2,Example_Files/Y.v16.txt,19356,12,31,10,15,21,True,True,10,2,2,True,
2,Example_Files/Y.v16.txt,19367,12,29,10,15,21,True,True,10,2,2,True,
2,Example_Files/Y.v16.txt,19432,12,45,10,19,22,True,True,10,2,2,True,
2,Example_Files/Y.v16.txt,19451,12,50,10,15,19,True,True,10,2,2,True,
2,Example_Files/Y.v16.txt,20004,12,38,10,17,21,True,True,10,2,2,True,
2,Example_Files/Y.v16.txt,20409,12,38,10,18,21,True,True,10,2,2,True,
2,Example_Files/Y.v16.txt,20531,12,36,10,13,15,True,True,10,2,2,True,
2,Example_Files/Y.v16.txt,20576,12,36,10,18,26,True,True,10,2,2,True,
2,Example_Files/Y.v16.txt,20624,12,41,10,19,25,True,True,10,2,2,True,
2,Example_Files/Y.v16.txt,20654,12,30,10,17,22,True,True,10,2,2,True,
2,Example_Files/Y.v16.txt,20758,12,34,10,17,24,True,True,10,2,2,True,
2,Example_Files/Y.v16.txt,20765,12,35,10,16,18,True,True,10,2,2,True,
2,Example_Files/Y.v16.txt,20835,12,36,10,14,20,True,True,10,2,2,True,
2,Example_Files/Y.v16.txt,20844,12,36,10,19,24,True,True,10,2,2,True,
2,Example_Files/Y.v16.txt,20878,12,33,10,17,20,True,True,10,2,2,True,
2,Example_Files/Y.v16.txt,20910,12,36,10,15,18,True,True,10,2,2,True,
2,Example_Files/Y.v16.txt,20922,12,34,10,18,24,True,True,10,2,2,True,
2,Example_Files/Y.v16.txt,22143,12,43,10,14,18,True,True,10,2,2,True,
2,Example_Files/Y.v16.txt,22207,12,44,10,14,17,True,True,10,2,2,True,
2,Example_Files/Y.v16.txt,22220,12,34,10,16,20,True,True,10,2,2,True,
2,Example_Files/Y.v16.txt,22283,12,43,10,16,18,True,True,10,2,2,True,
2,Example_Files/Y.v16.txt,22296,12,39,10,15,18,True,True,10,2,2,True,
2,Example_Files/Y.v16.txt,22343,12,43,10,18,18,True,True,10,2,2,True,
2,Example_Files/Y.v16.txt,22345,12,43,10,16,18,True,True,10,2,2,True,
2,Example_Files/Y.v16.txt,22347,12,43,10,17,18,True,True,10,2,2,True,
2,Example_Files/Y.v16.txt,22385,12,38,10,16,20,True,True,10,2,2,True,
2,Example_Files/Y.v16.txt,22872,12,32,10,15,22,True,True,10,2,2,True,
2,Example_Files/Y.v16.txt,22873,12,31,10,19,27,True,True,10,2,2,True,
2,Example_Files/Y.v16.txt,22911,12,42,10,16,19,True,True,10,2,2,True,
2,Example_Files/Y.v16.txt,22990,12,43,10,17,18,True,True,10,2,2,True,
2,Example_Files/Y.v16.txt,23006,12,41,10,20,24,True,True,10,2,2,True,
2,Example_Files/Y.v16.txt,23101,12,45,10,18,22,True,True,10,2,2,True,
2,Example_Files/Y.v16.txt,23132,12,39,10,15,18,True,True,10,2,2,True,
2,Example_Files/Y.v16.txt,23148,12,36,10,18,27,True,True,10,2,2,True,
2,Example_Files/Y.v16.txt,23213,12,37,10,15,21,True,True,10,2,2,True,
2,Example_Files/Y.v16.txt,23512,12,37,10,16,20,True,True,10,2,2,True,
2,Example_Files/Y.v16.txt,23632,12,43,10,16,18,True,True,10,2,2,True,
2,Example_Files/Y.v16.txt,24125,12,33,10,16,21,True,True,10,2,2,True,
2,Example_Files/Y.v16.txt,24127,12,36,10,20,27,True,True,10,2,2,True,
2,Example_Files/Y.v16.txt,24174,12,36,10,13,17,True,True,10,2,2,True,
2,Example_Files/Y.v16.txt,24204,12,33,10,15,19,True,True,10,2,2,True,
2,Example_Files/Y.v16.txt,24238,12,34,10,16,20,True,True,10,2,2,True,
2,Example_Files/Y.v16.txt,24258,12,31,10,20,30,True,True,10,2,2,True,
2,Example_Files/Y.v16.txt,24340,12,31,10,17,21,True,True,10,2,2,True,
2,Example_Files/Y.v16.txt,24483,12,32,10,16,20,True,True,10,2,2,True,
2,Example_Files/Y.v16.txt,24516,12,36,10,15,17,True,True,10,2,2,True,
2,Example_Files/Y.v16.txt,24662,12,32,10,15,20,True,True,10,2,2,True,
2,Example_Files/Y.v16.txt,24677,12,31,10,21,30,True,True,10,2,2,True,
2,Example_Files/Y.v16.txt,24687,12,37,10,16,21,True,True,10,2,2,True,
2,Example_Files/Y.v16.txt,25053,12,39,10,15,20,True,True,10,2,2,True,
2,Example_Files/Y.v16.txt,25054,12,41,10,15,21,True,True,10,2,2,True,
2,Example_Files/Y.v16.txt,25330,12,35,10,15,21,True,True,10,2,2,True,
2,Example_Files/Y.v16.txt,25528,12,31,10,14,19,True,True,10,2,2,True,
2,Example_Files/Y.v16.txt,25587,12,32,10,17,21,True,True,10,2,2,True,
2,Example_Files/Y.v16.txt,25601,12,33,10,16,20,True,True,10,2,2,True,
2,Example_Files/Y.v16.txt,25616,12,32,10,16,20,True,True,10,2,2,True,
2,Example_Files/Y.v16.txt,25723,12,35,10,19,25,True,True,10,2,2,True,
2,Example_Files/Y.v16.txt,25730,12,34,10,18,24,True,True,10,2,2,True,
2,Example_Files/Y.v16.txt,25908,12,36,10,15,18,True,True,10,2,2,True,
2,Example_Files/Y.v16.txt,25966,12,36,10,15,18,True,True,10,2,2,True,
2,Example_Files/Y.v16.txt,26093,12,29,10,15,19,True,True,10,2,2,True,
2,Example_Files/Y.v16.txt,26137,12,32,10,18,21,True,True,10,2,2,True,
2,Example_Files/Y.v16.txt,26147,12,32,10,16,21,True,True,10,2,2,True,
2,Example_Files/Y.v16.txt,26165,12,33,10,18,25,True,True,10,2,2,True,
2,Example_Files/Y.v16.txt,26214,12,32,10,16,18,True,True,10,2,2,True,
2,Example_Files/Y.v16.txt,26346,12,31,10,18,19,True,True,10,2,2,True,
2,Example_Files/Y.v16.txt,26387,12,33,10,18,25,True,True,10,2,2,True,
2,Example_Files/Y.v16.txt,26398,12,29,10,16,20,True,True,10,2,2,True,
2,Example_Files/Y.v16.txt,26402,12,32,10,16,20,True,True,10,2,2,True,
2,Example_Files/Y.v16.txt,26510,12,33,10,17,21,True,True,10,2,2,True,
2,Example_Files/Y.v16.txt,26534,12,33,10,18,25,True,True,10,2,2,True,
2,Example_Files/Y.v16.txt,26616,12,39,10,14,21,True,True,10,2,2,True,
2,Example_Files/Y.v16.txt,26734,12,31,10,16,22,True,True,10,2,2,True,
2,Example_Files/Y.v16.txt,26884,12,35,10,16,18,True,True,10,2,2,True,
2,Example_Files/Y.v16.txt,26921,12,31,10,18,25,True,True,10,2,2,True,
2,Example_Files/Y.v16.txt,26983,12,32,10,16,21,True,True,10,2,2,True,
2,Example_Files/Y.v16.txt,27023,12,34,10,16,22,True,True,10,2,2,True,
2,Example_Files/Y.v16.txt,27099,12,32,10,12,24,True,True,10,2,2,True,
2,Example_Files/Y.v16.txt,27138,15,25,13,31,44,True,True,13,2,2,True,
2,Example_Files/Y.v16.txt,27186,12,34,10,20,28,True,True,10,2,2,True,
2,Example_Files/Y.v16.txt,27326,12,37,10,15,20,True,True,10,2,2,True,
2,Example_Files/Y.v16.txt,27362,12,34,10,16,20,True,True,10,2,2,True,
2,Example_Files/Y.v16.txt,27387,12,28,10,16,24,True,True,10,2,2,True,
2,Example_Files/Y.v16.txt,27419,12,28,10,12,24,True,True,10,2,2,True,
2,Example_Files/Y.v16.txt,27447,12,28,10,14,26,True,True,10,2,2,True,
2,Example_Files/Y.v17.txt,15,13,43,11,12,21,True,True,11,2,2,True,
2,Example_Files/Y.v17.txt,79,13,42,11,17,20,True,True,11,2,2,True,
2,Example_Files/Y.v17.txt,184,13,29,11,19,21,True,True,11,2,2,True,
2,Example_Files/Y.v17.txt,282,13,29,11,18,23,True,True,11,2,2,True,
2,Example_Files/Y.v17.txt,327,13,34,11,21,23,True,True,11,2,2,True,
2,Example_Files/Y.v17.txt,358,13,29,11,17,22,True,True,11,2,2,True,
2,Example_Files/Y.v17.txt,413,13,31,11,18,22,True,True,11,2,2,True,
2,Example_Files/Y.v17.txt,418,13,30,11,17,22,True,True,11,2,2,True,
2,Example_Files/Y.v17.txt,424,13,31,11,22,26,True,True,11,2,2,True,
2,Example_Files/Y.v17.txt,430,13,31,11,20,25,True,True,11,2,2,True,
2,Example_Files/Y.v17.txt,441,13,31,11,17,20,True,True,11,2,2,True,
2,Example_Files/Y.v17.txt,443,13,31,11,21,25,True,True,11,2,2,True,
2,Example_Files/Y.v17.txt,461,13,29,11,21,26,True,True,11,2,2,True,
2,Example_Files/Y.v17.txt,477,13,29,11,17,22,True,True,11,2,2,True,
2,Example_Files/Y.v17.txt,490,13,28,11,19,25,True,True,11,2,2,True,
2,Example_Files/Y.v17.txt,501,13,31,11,19,20,True,True,11,2,2,True,
2,Example_Files/Y.v17.txt,534,13,29,11,21,28,True,True,11,2,2,True,
2,Example_Files/Y.v17.txt,539,13,29,11,20,28,True,True,11,2,2,True,
2,Example_Files/Y.v17.txt,600,13,44,11,15,19,True,True,11,2,2,True,
2,Example_Files/Y.v17.txt,654,13,41,11,17,22,True,True,11,2,2,True,
2,Example_Files/Y.v17.txt,662,13,27,11,12,16,True,True,11,2,2,True,
2,Example_Files/Y.v17.txt,667,13,29,11,19,27,True,True,11,2,2,True,
2,Example_Files/Y.v17.txt,713,13,39,11,15,18,True,True,11,2,2,True,
2,Example_Files/Y.v17.txt,737,13,39,11,17,22,True,True,11,2,2,True,
2,Example_Files/Y.v17.txt,807,13,31,11,19,21,True,True,11,2,2,True,
2,Example_Files/Y.v17.txt,818,13,30,11,17,19,True,True,11,2,2,True,
2,Example_Files/Y.v17.txt,828,13,28,11,17,22,True,True,11,2,2,True,
2,Example_Files/Y.v17.txt,943,13,36,11,20,27,True,True,11,2,2,True,
2,Example_Files/Y.v17.txt,946,13,38,11,20,27,True,True,11,2,2,True,
2,Example_Files/Y.v17.txt,1073,13,31,11,17,21,True,True,11,2,2,True,
2,Example_Files/Y.v17.txt,1226,13,33,11,20,26,True,True,11,2,2,True,
2,Example_Files/Y.v17.txt,1232,13,33,11,20,26,True,True,11,2,2,True,
2,Example_Files/Y.v17.txt,1238,13,36,11,18,21,True,True,11,2,2,True,
2,Example_Files/Y.v17.txt,1357,13,29,11,15,19,True,True,11,2,2,True,
2,Example_Files/Y.v17.txt,1380,13,33,11,23,29,True,True,11,2,2,True,
2,Example_Files/Y.v17.txt,1394,13,36,11,18,21,True,True,11,2,2,True,
2,Example_Files/Y.v17.txt,1490,13,34,11,19,20,True,True,11,2,2,True,
2,Example_Files/Y.v17.txt,1491,13,34,11,17,20,True,True,11,2,2,True,
2,Example_Files/Y.v17.txt,1512,13,34,11,19,20,True,True,11,2,2,True,
2,Example_Files/Y.v17.txt,1534,13,34,11,15,17,True,True,11,2,2,True,
2,Example_Files/Y.v17.txt,1606,13,32,11,19,24,True,True,11,2,2,True,
2,Example_Files/Y.v17.txt,1721,13,33,11,20,26,True,True,11,2,2,True,
2,Example_Files/Y.v17.txt,1732,13,28,11,21,25,True,True,11,2,2,True,
2,Example_Files/Y.v17.txt,1924,13,34,11,18,20,True,True,11,2,2,True,
2,Example_Files/Y.v17.txt,2150,13,33,11,20,26,True,True,11,2,2,True,
2,Example_Files/Y.v17.txt,2160,13,31,11,18,23,True,True,11,2,2,True,
2,Example_Files/Y.v17.txt,2164,13,32,11,19,24,True,True,11,2,2,True,
2,Example_Files/Y.v17.txt,2367,13,28,11,17,22,True,True,11,2,2,True,
2,Example_Files/Y.v17.txt,2392,13,30,11,23,29,True,True,11,2,2,True,
2,Example_Files/Y.v17.txt,2407,13,32,11,15,17,True,True,11,2,2,True,
2,Example_Files/Y.v17.txt,2419,13,30,11,16,19,True,True,11,2,2,True,
2,Example_Files/Y.v17.txt,2485,13,31,11,16,20,True,True,11,2,2,True,
2,Example_Files/Y.v17.txt,2496,13,33,11,19,23,True,True,11,2,2,True,
2,Example_Files/Y.v17.txt,2649,13,31,11,17,20,True,True,11,2,2,True,
2,Example_Files/Y.v17.txt,2709,13,30,11,21,29,True,True,11,2,2,True,
2,Example_Files/Y.v17.txt,2751,13,30,11,16,19,True,True,11,2,2,True,
2,Example_Files/Y.v17.txt,2815,13,31,11,17,20,True,True,11,2,2,True,
2,Example_Files/Y.v17.txt,2844,13,30,11,16,19,True,True,11,2,2,True,
2,Example_Files/Y.v17.txt,3030,13,32,11,19,22,True,True,11,2,2,True,
2,Example_Files/Y.v17.txt,3037,13,32,11,18,21,True,True,11,2,2,True,
2,Example_Files/Y.v17.txt,3162,13,31,11,21,24,True,True,11,2,2,True,
2,Example_Files/Y.v17.txt,3166,13,30,11,16,19,True,True,11,2,2,True,
2,Example_Files/Y.v17.txt,3181,13,30,11,18,19,True,True,11,2,2,True,
2,Example_Files/Y.v17.txt,3190,13,31,11,20,24,True,True,11,2,2,True,
2,Example_Files/Y.v17.txt,3208,13,26,11,16,23,True,True,11,2,2,True,
2,Example_Files/Y.v17.txt,3222,13,28,11,18,22,True,True,11,2,2,True,
2,Example_Files/Y.v17.txt,3251,13,29,11,18,22,True,True,11,2,2,True,
2,Example_Files/Y.v17.txt,3271,13,26,11,16,17,True,True,11,2,2,True,
2,Example_Files/Y.v17.txt,3280,13,28,11,19,22,True,True,11,2,2,True,
2,Example_Files/Y.v17.txt,3286,13,29,11,17,22,True,True,11,2,2,True,
2,Example_Files/Y.v17.txt,3288,13,29,11,18,22,True,True,11,2,2,True,
2,Example_Files/Y.v17.txt,3296,13,28,11,20,27,True,True,11,2,2,True,
2,Example_Files/Y.v17.txt,3314,13,29,11,18,18,True,True,11,2,2,True,
2,Example_Files/Y.v17.txt,3363,13,32,11,17,21,True,True,11,2,2,True,
2,Example_Files/Y.v17.txt,3366,13,31,11,17,17,True,True,11,2,2,True,
2,Example_Files/Y.v17.txt,3381,13,29,11,17,20,True,True,11,2,2,True,
2,Example_Files/Y.v17.txt,3449,13,29,11,19,21,True,True,11,2,2,True,
2,Example_Files/Y.v17.txt,3457,13,27,11,19,25,True,True,11,2,2,True,
2,Example_Files/Y.v17.txt,3568,13,31,11,15,15,True,True,11,2,2,True,
2,Example_Files/Y.v17.txt,3700,13,31,11,17,20,True,True,11,2,2,True,
2,Example_Files/Y.v17.txt,3759,13,33,11,20,24,True,True,11,2,2,True,
2,Example_Files/Y.v17.txt,3862,13,30,11,20,26,True,True,11,2,2,True,
2,Example_Files/Y.v17.txt,3896,13,31,11,16,20,True,True,11,2,2,True,
2,Example_Files/Y.v17.txt,3938,13,33,11,20,24,True,True,11,2,2,True,
2,Example_Files/Y.v17.txt,4035,13,30,11,20,26,True,True,11,2,2,True,
2,Example_Files/Y.v17.txt,4083,13,31,11,17,23,True,True,11,2,2,True,
2,Example_Files/Y.v17.txt,4198,13,28,11,15,20,True,True,11,2,2,True,
2,Example_Files/Y.v17.txt,4244,13,29,11,17,22,True,True,11,2,2,True,
2,Example_Files/Y.v17.txt,4254,13,28,11,20,25,True,True,11,2,2,True,
2,Example_Files/Y.v17.txt,4258,13,29,11,18,22,True,True,11,2,2,True,
2,Example_Files/Y.v17.txt,4279,13,31,11,18,22,True,True,11,2,2,True,
2,Example_Files/Y.v17.txt,4281,13,31,11,19,20,True,True,11,2,2,True,
2,Example_Files/Y.v17.txt,4328,13,31,11,20,26,True,True,11,2,2,True,
2,Example_Files/Y.v17.txt,4458,13,29,11,19,26,True,True,11,2,2,True,
2,Example_Files/Y.v17.txt,4558,13,30,11,15,18,True,True,11,2,2,True,
2,Example_Files/Y.v17.txt,4562,13,28,11,20,25,True,True,11,2,2,True,
2,Example_Files/Y.v17.txt,4608,13,31,11,21,25,True,True,11,2,2,True,
2,Example_Files/Y.v17.txt,4680,13,28,11,19,25,True,True,11,2,2,True,
2,Example_Files/Y.v17.txt,4691,13,28,11,19,25,True,True,11,2,2,True,
2,Example_Files/Y.v17.txt,4739,13,28,11,18,22,True,True,11,2,2,True,
2,Example_Files/Y.v17.txt,4804,13,29,11,21,26,True,True,11,2,2,True,
2,Example_Files/Y.v17.txt,4848,13,27,11,18,24,True,True,11,2,2,True,
2,Example_Files/Y.v17.txt,5102,13,28,11,21,28,True,True,11,2,2,True,
2,Example_Files/Y.v17.txt,5215,13,26,11,19,23,True,True,11,2,2,True,
2,Example_Files/Y.v17.txt,5297,13,28,11,20,25,True,True,11,2,2,True,
2,Example_Files/Y.v17.txt,5377,13,30,11,19,21,True,True,11,2,2,True,
2,Example_Files/Y.v17.txt,5414,13,29,11,18,22,True,True,11,2,2,True,
2,Example_Files/Y.v17.txt,5475,13,31,11,21,26,True,True,11,2,2,True,
2,Example_Files/Y.v17.txt,5509,13,28,11,20,25,True,True,11,2,2,True,
2,Example_Files/Y.v17.txt,5532,13,29,11,21,26,True,True,11,2,2,True,
2,Example_Files/Y.v17.txt,5638,13,29,11,18,21,True,True,11,2,2,True,
2,Example_Files/Y.v17.txt,5643,13,31,11,17,17,True,True,11,2,2,True,
2,Example_Files/Y.v17.txt,5651,13,31,11,17,22,True,True,11,2,2,True,
2,Example_Files/Y.v17.txt,5652,13,29,11,17,19,True,True,11,2,2,True,
2,Example_Files/Y.v17.txt,5696,13,32,11,18,22,True,True,11,2,2,True,
2,Example_Files/Y.v17.txt,5898,13,31,11,19,20,True,True,11,2,2,True,
2,Example_Files/Y.v17.txt,5958,13,29,11,19,21,True,True,11,2,2,True,
2,Example_Files/Y.v17.txt,5969,13,30,11,18,21,True,True,11,2,2,True,
2,Example_Files/Y.v17.txt,5980,13,29,11,18,22,True,True,11,2,2,True,
2,Example_Files/Y.v17.txt,6131,13,29,11,16,19,True,True,11,2,2,True,
2,Example_Files/Y.v17.txt,6240,13,29,11,18,23,True,True,11,2,2,True,
2,Example_Files/Y.v17.txt,6241,13,29,11,20,23,True,True,11,2,2,True,
2,Example_Files/Y.v17.txt,6255,13,29,11,20,23,True,True,11,2,2,True,
2,Example_Files/Y.v17.txt,6284,13,29,11,18,20,True,True,11,2,2,True,
2,Example_Files/Y.v17.txt,6300,13,29,11,20,23,True,True,11,2,2,True,
2,Example_Files/Y.v17.txt,6350,13,29,11,18,23,True,True,11,2,2,True,
2,Example_Files/Y.v17.txt,6351,13,29,11,18,23,True,True,11,2,2,True,
2,Example_Files/Y.v17.txt,6368,13,28,11,20,25,True,True,11,2,2,True,
2,Example_Files/Y.v17.txt,6410,13,27,11,16,20,True,True,11,2,2,True,
2,Example_Files/Y.v17.txt,6421,13,29,11,15,20,True,True,11,2,2,True,
2,Example_Files/Y.v17.txt,6590,13,27,11,17,24,True,True,11,2,2,True,
2,Example_Files/Y.v17.txt,6663,13,34,11,18,23,True,True,11,2,2,True,
2,Example_Files/Y.v17.txt,6674,13,38,11,19,22,True,True,11,2,2,True,
2,Example_Files/Y.v17.txt,6676,13,35,11,19,22,True,True,11,2,2,True,
2,Example_Files/Y.v17.txt,6692,13,33,11,18,23,True,True,11,2,2,True,
2,Example_Files/Y.v17.txt,6707,13,27,11,18,25,True,True,11,2,2,True,
2,Example_Files/Y.v17.txt,6710,13,26,11,17,23,True,True,11,2,2,True,
2,Example_Files/Y.v17.txt,6743,13,31,11,15,24,True,True,11,2,2,True,
2,Example_Files/Y.v17.txt,6764,13,31,11,20,25,True,True,11,2,2,True,
2,Example_Files/Y.v17.txt,6777,13,31,11,18,20,True,True,11,2,2,True,
2,Example_Files/Y.v17.txt,6783,13,29,11,18,21,True,True,11,2,2,True,
2,Example_Files/Y.v17.txt,6800,13,31,11,23,30,True,True,11,2,2,True,
2,Example_Files/Y.v17.txt,6822,13,34,11,24,35,True,True,11,2,2,True,
2,Example_Files/Y.v17.txt,6850,13,27,11,17,24,True,True,11,2,2,True,
2,Example_Files/Y.v17.txt,6971,13,28,11,17,22,True,True,11,2,2,True,
2,Example_Files/Y.v17.txt,7060,13,34,11,18,20,True,True,11,2,2,True,
2,Example_Files/Y.v17.txt,7116,13,29,11,17,22,True,True,11,2,2,True,
2,Example_Files/Y.v17.txt,7158,13,30,11,16,19,True,True,11,2,2,True,
2,Example_Files/Y.v17.txt,7198,13,31,11,19,24,True,True,11,2,2,True,
2,Example_Files/Y.v17.txt,7689,13,40,11,19,27,True,True,11,2,2,True,
2,Example_Files/Y.v17.txt,7720,13,44,11,16,20,True,True,11,2,2,True,
2,Example_Files/Y.v17.txt,7914,13,31,11,22,28,True,True,11,2,2,True,
2,Example_Files/Y.v17.txt,7916,13,31,11,19,28,True,True,11,2,2,True,
2,Example_Files/Y.v17.txt,8172,13,31,11,20,22,True,True,11,2,2,True,
2,Example_Files/Y.v17.txt,8173,13,31,11,23,31,True,True,11,2,2,True,
2,Example_Files/Y.v17.txt,8494,13,33,11,14,16,True,True,11,2,2,True,
2,Example_Files/Y.v17.txt,8673,13,32,11,17,21,True,True,11,2,2,True,
2,Example_Files/Y.v17.txt,8760,13,31,11,18,22,True,True,11,2,2,True,
2,Example_Files/Y.v17.txt,8774,13,28,11,20,26,True,True,11,2,2,True,
2,Example_Files/Y.v17.txt,8810,13,29,11,21,30,True,True,11,2,2,True,
2,Example_Files/Y.v17.txt,8816,13,29,11,21,30,True,True,11,2,2,True,
2,Example_Files/Y.v17.txt,8940,13,32,11,17,23,True,True,11,2,2,True,
2,Example_Files/Y.v17.txt,8985,13,27,11,15,18,True,True,11,2,2,True,
2,Example_Files/Y.v17.txt,9047,13,31,11,21,28,True,True,11,2,2,True,
2,Example_Files/Y.v17.txt,9051,13,31,11,21,28,True,True,11,2,2,True,
2,Example_Files/Y.v17.txt,9086,13,31,11,14,16,True,True,11,2,2,True,
2,Example_Files/Y.v17.txt,9101,13,31,11,15,16,True,True,11,2,2,True,
2,Example_Files/Y.v17.txt,9184,13,38,11,17,22,True,True,11,2,2,True,
2,Example_Files/Y.v17.txt,9675,13,37,11,16,21,True,True,11,2,2,True,
2,Example_Files/Y.v17.txt,9676,13,37,11,15,21,True,True,11,2,2,True,
2,Example_Files/Y.v17.txt,9700,13,38,11,17,22,True,True,11,2,2,True,
2,Example_Files/Y.v17.txt,9708,13,38,11,17,22,True,True,11,2,2,True,
2,Example_Files/Y.v17.txt,9843,13,38,11,17,22,True,True,11,2,2,True,
2,Example_Files/Y.v17.txt,9930,13,39,11,16,22,True,True,11,2,2,True,
2,Example_Files/Y.v17.txt,9962,13,35,11,17,22,True,True,11,2,2,True,
2,Example_Files/Y.v17.txt,10064,13,33,11,16,21,True,True,11,2,2,True,
2,Example_Files/Y.v17.txt,10078,13,33,11,16,21,True,True,11,2,2,True,
2,Example_Files/Y.v17.txt,10391,13,28,11,21,27,True,True,11,2,2,True,
2,Example_Files/Y.v17.txt,10480,13,28,11,19,22,True,True,11,2,2,True,
2,Example_Files/Y.v17.txt,10482,13,28,11,20,27,True,True,11,2,2,True,
2,Example_Files/Y.v17.txt,10524,13,31,11,20,26,True,True,11,2,2,True,
2,Example_Files/Y.v17.txt,10526,13,31,11,20,26,True,True,11,2,2,True,
2,Example_Files/Y.v17.txt,10552,13,28,11,18,22,True,True,11,2,2,True,
2,Example_Files/Y.v17.txt,10561,13,29,11,17,22,True,True,11,2,2,True,
2,Example_Files/Y.v17.txt,10571,13,36,11,19,27,True,True,11,2,2,True,
2,Example_Files/Y.v17.txt,10636,13,36,11,19,27,True,True,11,2,2,True,
2,Example_Files/Y.v17.txt,10649,13,35,11,16,22,True,True,11,2,2,True,
2,Example_Files/Y.v17.txt,10807,13,31,11,19,20,True,True,11,2,2,True,
2,Example_Files/Y.v17.txt,10829,13,30,11,18,21,True,True,11,2,2,True,
2,Example_Files/Y.v17.txt,10985,13,29,11,17,22,True,True,11,2,2,True,
2,Example_Files/Y.v17.txt,11046,13,31,11,17,22,True,True,11,2,2,True,
2,Example_Files/Y.v17.txt,11047,13,31,11,21,26,True,True,11,2,2,True,
2,Example_Files/Y.v17.txt,11069,13,28,11,18,22,True,True,11,2,2,True,
2,Example_Files/Y.v17.txt,11074,13,29,11,17,22,True,True,11,2,2,True,
2,Example_Files/Y.v17.txt,11080,13,28,11,17,23,True,True,11,2,2,True,
2,Example_Files/Y.v17.txt,11095,13,29,11,20,27,True,True,11,2,2,True,
2,Example_Files/Y.v17.txt,11105,13,26,11,17,23,True,True,11,2,2,True,
2,Example_Files/Y.v17.txt,11142,13,29,11,17,18,True,True,11,2,2,True,
2,Example_Files/Y.v17.txt,11166,13,30,11,19,23,True,True,11,2,2,True,
2,Example_Files/Y.v17.txt,11250,13,34,11,21,25,True,True,11,2,2,True,
2,Example_Files/Y.v17.txt,11312,13,29,11,20,27,True,True,11,2,2,True,
2,Example_Files/Y.v17.txt,11352,13,32,11,19,21,True,True,11,2,2,True,
2,Example_Files/Y.v17.txt,11368,13,31,11,20,26,True,True,11,2,2,True,
2,Example_Files/Y.v17.txt,11385,13,36,11,17,19,True,True,11,2,2,True,
2,Example_Files/Y.v17.txt,11407,13,32,11,20,22,True,True,11,2,2,True,
2,Example_Files/Y.v17.txt,11475,13,35,11,18,19,True,True,11,2,2,True,
2,Example_Files/Y.v17.txt,11582,13,30,11,17,21,True,True,11,2,2,True,
2,Example_Files/Y.v17.txt,11643,13,30,11,16,19,True,True,11,2,2,True,
2,Example_Files/Y.v17.txt,11663,13,28,11,19,22,True,True,11,2,2,True,
2,Example_Files/Y.v17.txt,11698,13,32,11,20,22,True,True,11,2,2,True,
2,Example_Files/Y.v17.txt,11704,13,30,11,16,19,True,True,11,2,2,True,
2,Example_Files/Y.v17.txt,11808,13,30,11,18,21,True,True,11,2,2,True,
2,Example_Files/Y.v17.txt,11951,13,28,11,17,22,True,True,11,2,2,True,
2,Example_Files/Y.v17.txt,12162,13,29,11,16,19,True,True,11,2,2,True,
2,Example_Files/Y.v17.txt,12618,13,28,11,16,20,True,True,11,2,2,True,
2,Example_Files/Y.v17.txt,12751,13,29,11,18,22,True,True,11,2,2,True,
2,Example_Files/Y.v17.txt,12775,13,29,11,18,22,True,True,11,2,2,True,
2,Example_Files/Y.v17.txt,12819,13,29,11,19,20,True,True,11,2,2,True,
2,Example_Files/Y.v17.txt,12889,13,33,11,19,26,True,True,11,2,2,True,
2,Example_Files/Y.v17.txt,12891,13,29,11,16,22,True,True,11,2,2,True,
2,Example_Files/Y.v17.txt,12919,13,32,11,16,22,True,True,11,2,2,True,
2,Example_Files/Y.v17.txt,13099,13,31,11,17,22,True,True,11,2,2,True,
2,Example_Files/Y.v17.txt,13322,13,31,11,16,22,True,True,11,2,2,True,
2,Example_Files/Y.v17.txt,13332,13,29,11,16,18,True,True,11,2,2,True,
2,Example_Files/Y.v17.txt,13333,13,31,11,19,26,True,True,11,2,2,True,
2,Example_Files/Y.v17.txt,13344,13,29,11,18,22,True,True,11,2,2,True,
2,Example_Files/Y.v17.txt,13407,13,31,11,17,22,True,True,11,2,2,True,
2,Example_Files/Y.v17.txt,13428,13,31,11,16,22,True,True,11,2,2,True,
2,Example_Files/Y.v17.txt,13447,13,29,11,18,23,True,True,11,2,2,True,
2,Example_Files/Y.v17.txt,13488,13,29,11,16,18,True,True,11,2,2,True,
2,Example_Files/Y.v17.txt,13509,13,28,11,19,25,True,True,11,2,2,True,
2,Example_Files/Y.v17.txt,13577,13,31,11,20,25,True,True,11,2,2,True,
2,Example_Files/Y.v17.txt,13752,13,28,11,17,20,True,True,11,2,2,True,
2,Example_Files/Y.v17.txt,13758,13,29,11,17,21,True,True,11,2,2,True,
2,Example_Files/Y.v17.txt,14092,13,29,11,20,28,True,True,11,2,2,True,
2,Example_Files/Y.v17.txt,14093,13,34,11,18,21,True,True,11,2,2,True,
2,Example_Files/Y.v17.txt,14094,13,31,11,20,25,True,True,11,2,2,True,
2,Example_Files/Y.v17.txt,14128,13,33,11,21,26,True,True,11,2,2,True,
2,Example_Files/Y.v17.txt,14132,13,35,11,21,26,True,True,11,2,2,True,
2,Example_Files/Y.v17.txt,14133,13,38,11,20,25,True,True,11,2,2,True,
2,Example_Files/Y.v17.txt,14148,13,33,11,22,26,True,True,11,2,2,True,
2,Example_Files/Y.v17.txt,14184,13,30,11,21,26,True,True,11,2,2,True,
2,Example_Files/Y.v17.txt,14198,13,28,11,20,25,True,True,11,2,2,True,
2,Example_Files/Y.v17.txt,14207,13,28,11,21,30,True,True,11,2,2,True,
2,Example_Files/Y.v17.txt,14355,13,28,11,24,36,True,True,11,2,2,True,
2,Example_Files/Y.v17.txt,14422,13,28,11,22,27,True,True,11,2,2,True,
2,Example_Files/Y.v17.txt,14455,13,34,11,19,21,True,True,11,2,2,True,
2,Example_Files/Y.v17.txt,14462,13,29,11,17,20,True,True,11,2,2,True,
2,Example_Files/Y.v17.txt,14504,13,30,11,16,21,True,True,11,2,2,True,
2,Example_Files/Y.v17.txt,14515,13,28,11,22,30,True,True,11,2,2,True,
2,Example_Files/Y.v17.txt,14516,13,26,11,22,28,True,True,11,2,2,True,
2,Example_Files/Y.v17.txt,14531,13,44,11,17,19,True,True,11,2,2,True,
2,Example_Files/Y.v17.txt,14546,13,28,11,18,25,True,True,11,2,2,True,
2,Example_Files/Y.v17.txt,14549,13,37,11,15,24,True,True,11,2,2,True,
2,Example_Files/Y.v17.txt,14617,13,41,11,19,21,True,True,11,2,2,True,
2,Example_Files/Y.v17.txt,14689,13,39,11,18,20,True,True,11,2,2,True,
2,Example_Files/Y.v17.txt,14702,13,40,11,19,22,True,True,11,2,2,True,
2,Example_Files/Y.v17.txt,14763,13,29,11,16,20,True,True,11,2,2,True,
2,Example_Files/Y.v17.txt,14840,13,33,11,19,23,True,True,11,2,2,True,
2,Example_Files/Y.v17.txt,14841,13,35,11,17,20,True,True,11,2,2,True,
2,Example_Files/Y.v17.txt,14856,13,35,11,18,22,True,True,11,2,2,True,
2,Example_Files/Y.v17.txt,14867,13,35,11,17,20,True,True,11,2,2,True,
2,Example_Files/Y.v17.txt,15058,13,34,11,16,17,True,True,11,2,2,True,
2,Example_Files/Y.v17.txt,15097,13,40,11,20,22,True,True,11,2,2,True,
2,Example_Files/Y.v17.txt,15172,13,32,11,20,24,True,True,11,2,2,True,
2,Example_Files/Y.v17.txt,15206,13,38,11,21,25,True,True,11,2,2,True,
2,Example_Files/Y.v17.txt,15223,13,29,11,16,21,True,True,11,2,2,True,
2,Example_Files/Y.v17.txt,15371,13,33,11,21,26,True,True,11,2,2,True,
2,Example_Files/Y.v17.txt,15534,13,27,11,15,20,True,True,11,2,2,True,
2,Example_Files/Y.v17.txt,15542,13,29,11,17,20,True,True,11,2,2,True,
2,Example_Files/Y.v17.txt,15568,13,29,11,15,20,True,True,11,2,2,True,
2,Example_Files/Y.v17.txt,15603,13,34,11,21,25,True,True,11,2,2,True,
2,Example_Files/Y.v17.txt,15619,13,30,11,16,19,True,True,11,2,2,True,
2,Example_Files/Y.v17.txt,15703,13,33,11,17,23,True,True,11,2,2,True,
2,Example_Files/Y.v17.txt,15706,13,33,11,18,21,True,True,11,2,2,True,
2,Example_Files/Y.v17.txt,15716,13,31,11,14,17,True,True,11,2,2,True,
2,Example_Files/Y.v17.txt,15765,13,34,11,21,25,True,True,11,2,2,True,
2,Example_Files/Y.v17.txt,15794,13,29,11,17,20,True,True,11,2,2,True,
2,Example_Files/Y.v17.txt,15863,13,28,11,19,22,True,True,11,2,2,True,
2,Example_Files/Y.v17.txt,15864,13,35,11,18,22,True,True,11,2,2,True,
2,Example_Files/Y.v17.txt,15886,13,28,11,19,22,True,True,11,2,2,True,
2,Example_Files/Y.v17.txt,15918,13,29,11,18,21,True,True,11,2,2,True,
2,Example_Files/Y.v17.txt,16114,13,29,11,17,18,True,True,11,2,2,True,
2,Example_Files/Y.v17.txt,16126,13,31,11,21,25,True,True,11,2,2,True,
2,Example_Files/Y.v17.txt,16147,13,29,11,17,22,True,True,11,2,2,True,
2,Example_Files/Y.v17.txt,16153,13,28,11,20,25,True,True,11,2,2,True,
2,Example_Files/Y.v17.txt,16241,13,29,11,16,19,True,True,11,2,2,True,
2,Example_Files/Y.v17.txt,16301,13,31,11,22,30,True,True,11,2,2,True,
2,Example_Files/Y.v17.txt,16373,13,31,11,17,17,True,True,11,2,2,True,
2,Example_Files/Y.v17.txt,16394,13,31,11,23,30,True,True,11,2,2,True,
2,Example_Files/Y.v17.txt,16401,13,30,11,17,21,True,True,11,2,2,True,
2,Example_Files/Y.v17.txt,16404,13,30,11,17,22,True,True,11,2,2,True,
2,Example_Files/Y.v17.txt,16432,13,31,11,23,30,True,True,11,2,2,True,
2,Example_Files/Y.v17.txt,16437,13,28,11,21,25,True,True,11,2,2,True,
2,Example_Files/Y.v17.txt,16483,13,29,11,19,23,True,True,11,2,2,True,
2,Example_Files/Y.v17.txt,16487,13,28,11,19,25,True,True,11,2,2,True,
2,Example_Files/Y.v17.txt,16488,13,28,11,20,28,True,True,11,2,2,True,
2,Example_Files/Y.v17.txt,16497,14,29,12,24,33,True,True,12,2,2,True,
2,Example_Files/Y.v17.txt,16516,13,27,11,20,22,True,True,11,2,2,True,
2,Example_Files/Y.v17.txt,16556,13,27,11,16,23,True,True,11,2,2,True,
2,Example_Files/Y.v17.txt,16568,13,28,11,19,28,True,True,11,2,2,True,
2,Example_Files/Y.v17.txt,16573,13,36,11,23,25,True,True,11,2,2,True,
2,Example_Files/Y.v17.txt,16619,13,34,11,19,23,True,True,11,2,2,True,
2,Example_Files/Y.v17.txt,16640,13,28,11,21,30,True,True,11,2,2,True,
2,Example_Files/Y.v17.txt,16650,16,30,14,28,34,True,True,14,2,2,True,
2,Example_Files/Y.v17.txt,16663,13,43,11,17,21,True,True,11,2,2,True,
2,Example_Files/Y.v17.txt,16702,13,27,11,15,24,True,True,11,2,2,True,
2,Example_Files/Y.v17.txt,16718,14,29,12,26,33,True,True,12,2,2,True,
2,Example_Files/Y.v17.txt,16753,13,28,11,16,20,True,True,11,2,2,True,
2,Example_Files/Y.v17.txt,16755,13,31,11,25,32,True,True,11,2,2,True,
2,Example_Files/Y.v17.txt,16823,13,37,11,19,22,True,True,11,2,2,True,
2,Example_Files/Y.v17.txt,16949,13,26,11,19,26,True,True,11,2,2,True,
2,Example_Files/Y.v17.txt,17086,13,28,11,19,27,True,True,11,2,2,True,
2,Example_Files/Y.v17.txt,17087,13,29,11,22,30,True,True,11,2,2,True,
2,Example_Files/Y.v17.txt,17088,13,29,11,20,28,True,True,11,2,2,True,
2,Example_Files/Y.v17.txt,17089,19,22,17,42,51,True,True,17,2,2,True,
2,Example_Files/Y.v17.txt,17274,13,36,11,17,21,True,True,11,2,2,True,
2,Example_Files/Y.v17.txt,17278,13,42,11,19,21,True,True,11,2,2,True,
2,Example_Files/Y.v17.txt,17318,13,34,11,19,23,True,True,11,2,2,True,
2,Example_Files/Y.v17.txt,17326,13,29,11,19,21,True,True,11,2,2,True,
2,Example_Files/Y.v17.txt,17346,13,34,11,19,21,True,True,11,2,2,True,
2,Example_Files/Y.v17.txt,17359,13,30,11,18,21,True,True,11,2,2,True,
2,Example_Files/Y.v17.txt,17375,13,34,11,19,23,True,True,11,2,2,True,
2,Example_Files/Y.v17.txt,17378,13,29,11,19,28,True,True,11,2,2,True,
2,Example_Files/Y.v17.txt,17379,13,28,11,18,25,True,True,11,2,2,True,
2,Example_Files/Y.v17.txt,17456,13,31,11,19,26,True,True,11,2,2,True,
2,Example_Files/Y.v17.txt,17526,13,34,11,24,35,True,True,11,2,2,True,
2,Example_Files/Y.v17.txt,17536,13,34,11,19,25,True,True,11,2,2,True,
2,Example_Files/Y.v17.txt,17551,13,36,11,22,25,True,True,11,2,2,True,
2,Example_Files/Y.v17.txt,17590,13,29,11,18,22,True,True,11,2,2,True,
2,Example_Files/Y.v17.txt,17605,13,29,11,18,21,True,True,11,2,2,True,
2,Example_Files/Y.v17.txt,17616,13,30,11,16,21,True,True,11,2,2,True,
2,Example_Files/Y.v17.txt,17630,13,31,11,17,20,True,True,11,2,2,True,
2,Example_Files/Y.v17.txt,18530,13,43,11,19,20,True,True,11,2,2,True,
2,Example_Files/Y.v17.txt,18584,13,39,11,18,19,True,True,11,2,2,True,
2,Example_Files/Y.v17.txt,18683,13,36,11,16,18,True,True,11,2,2,True,
2,Example_Files/Y.v17.txt,18755,13,36,11,18,22,True,True,11,2,2,True,
2,Example_Files/Y.v17.txt,18934,13,42,11,18,20,True,True,11,2,2,True,
2,Example_Files/Y.v17.txt,19018,13,39,11,17,19,True,True,11,2,2,True,
2,Example_Files/Y.v17.txt,19121,13,40,11,22,26,True,True,11,2,2,True,
2,Example_Files/Y.v17.txt,19185,13,37,11,19,22,True,True,11,2,2,True,
2,Example_Files/Y.v17.txt,19211,13,33,11,18,22,True,True,11,2,2,True,
2,Example_Files/Y.v17.txt,19216,13,36,11,18,22,True,True,11,2,2,True,
2,Example_Files/Y.v17.txt,19259,13,43,11,18,19,True,True,11,2,2,True,
2,Example_Files/Y.v17.txt,19304,13,36,11,22,28,True,True,11,2,2,True,
2,Example_Files/Y.v17.txt,19318,13,37,11,18,22,True,True,11,2,2,True,
2,Example_Files/Y.v17.txt,19581,13,33,11,19,22,True,True,11,2,2,True,
2,Example_Files/Y.v17.txt,19602,13,33,11,19,22,True,True,11,2,2,True,
2,Example_Files/Y.v17.txt,19686,13,31,11,17,23,True,True,11,2,2,True,
2,Example_Files/Y.v17.txt,19725,13,31,11,15,21,True,True,11,2,2,True,
2,Example_Files/Y.v17.txt,19781,13,29,11,16,18,True,True,11,2,2,True,
2,Example_Files/Y.v17.txt,19825,13,29,11,16,18,True,True,11,2,2,True,
2,Example_Files/Y.v17.txt,20374,13,38,11,14,19,True,True,11,2,2,True,
2,Example_Files/Y.v17.txt,20513,13,39,11,17,21,True,True,11,2,2,True,
2,Example_Files/Y.v17.txt,20697,13,35,11,17,20,True,True,11,2,2,True,
2,Example_Files/Y.v17.txt,20704,13,35,11,16,20,True,True,11,2,2,True,
2,Example_Files/Y.v17.txt,20730,13,33,11,16,21,True,True,11,2,2,True,
2,Example_Files/Y.v17.txt,20793,13,36,11,16,19,True,True,11,2,2,True,
2,Example_Files/Y.v17.txt,21015,13,30,11,19,21,True,True,11,2,2,True,
2,Example_Files/Y.v17.txt,21056,13,30,11,16,19,True,True,11,2,2,True,
2,Example_Files/Y.v17.txt,21061,13,30,11,16,19,True,True,11,2,2,True,
2,Example_Files/Y.v17.txt,21071,13,30,11,17,19,True,True,11,2,2,True,
2,Example_Files/Y.v17.txt,21102,13,29,11,18,20,True,True,11,2,2,True,
2,Example_Files/Y.v17.txt,21138,13,32,11,17,22,True,True,11,2,2,True,
2,Example_Files/Y.v17.txt,21278,13,31,11,19,23,True,True,11,2,2,True,
2,Example_Files/Y.v17.txt,21402,13,36,11,18,19,True,True,11,2,2,True,
2,Example_Files/Y.v17.txt,21409,13,34,11,16,20,True,True,11,2,2,True,
2,Example_Files/Y.v17.txt,21634,13,29,11,16,20,True,True,11,2,2,True,
2,Example_Files/Y.v17.txt,21706,13,31,11,21,25,True,True,11,2,2,True,
2,Example_Files/Y.v17.txt,21781,13,31,11,21,25,True,True,11,2,2,True,
2,Example_Files/Y.v17.txt,21945,13,31,11,21,28,True,True,11,2,2,True,
2,Example_Files/Y.v17.txt,21976,13,31,11,21,28,True,True,11,2,2,True,
2,Example_Files/Y.v17.txt,22031,13,29,11,18,21,True,True,11,2,2,True,
2,Example_Files/Y.v17.txt,22065,13,36,11,17,22,True,True,11,2,2,True,
2,Example_Files/Y.v17.txt,22067,13,37,11,17,21,True,True,11,2,2,True,
2,Example_Files/Y.v17.txt,22142,13,34,11,17,20,True,True,11,2,2,True,
2,Example_Files/Y.v17.txt,22208,13,28,11,19,22,True,True,11,2,2,True,
2,Example_Files/Y.v17.txt,22214,13,30,11,17,19,True,True,11,2,2,True,
2,Example_Files/Y.v17.txt,22220,13,34,11,17,20,True,True,11,2,2,True,
2,Example_Files/Y.v17.txt,22264,13,36,11,18,19,True,True,11,2,2,True,
2,Example_Files/Y.v17.txt,22321,13,31,11,17,22,True,True,11,2,2,True,
2,Example_Files/Y.v17.txt,22325,13,28,11,17,23,True,True,11,2,2,True,
2,Example_Files/Y.v17.txt,22402,13,32,11,18,19,True,True,11,2,2,True,
2,Example_Files/Y.v17.txt,22425,13,31,11,22,25,True,True,11,2,2,True,
2,Example_Files/Y.v17.txt,22477,13,29,11,18,23,True,True,11,2,2,True,
2,Example_Files/Y.v17.txt,22548,14,26,12,25,32,True,True,12,2,2,True,
2,Example_Files/Y.v17.txt,22553,16,28,14,33,39,True,True,14,2,2,True,
2,Example_Files/Y.v17.txt,22557,14,26,12,24,34,True,True,12,2,2,True,
2,Example_Files/Y.v17.txt,22578,13,29,11,21,32,True,True,11,2,2,True,
2,Example_Files/Y.v17.txt,22689,13,31,11,20,25,True,True,11,2,2,True,
2,Example_Files/Y.v17.txt,22744,13,26,11,19,28,True,True,11,2,2,True,
2,Example_Files/Y.v17.txt,22768,13,30,11,21,23,True,True,11,2,2,True,
2,Example_Files/Y.v17.txt,22771,13,29,11,15,21,True,True,11,2,2,True,
2,Example_Files/Y.v17.txt,22798,13,28,11,15,21,True,True,11,2,2,True,
2,Example_Files/Y.v17.txt,22799,13,28,11,20,25,True,True,11,2,2,True,
2,Example_Files/Y.v17.txt,22849,13,28,11,17,22,True,True,11,2,2,True,
2,Example_Files/Y.v17.txt,22873,13,27,11,15,20,True,True,11,2,2,True,
2,Example_Files/Y.v17.txt,23106,13,34,11,20,25,True,True,11,2,2,True,
2,Example_Files/Y.v18.txt,4,14,42,12,15,21,True,True,12,2,2,True,
2,Example_Files/Y.v18.txt,23,14,40,12,15,24,True,True,12,2,2,True,
2,Example_Files/Y.v18.txt,39,14,43,12,19,22,True,True,12,2,2,True,
2,Example_Files/Y.v18.txt,129,14,27,12,19,21,True,True,12,2,2,True,
2,Example_Files/Y.v18.txt,202,14,27,12,18,21,True,True,12,2,2,True,
2,Example_Files/Y.v18.txt,210,14,28,12,24,29,True,True,12,2,2,True,
2,Example_Files/Y.v18.txt,219,14,26,12,21,25,True,True,12,2,2,True,
2,Example_Files/Y.v18.txt,223,14,28,12,23,29,True,True,12,2,2,True,
2,Example_Files/Y.v18.txt,224,14,26,12,18,24,True,True,12,2,2,True,
2,Example_Files/Y.v18.txt,255,14,29,12,18,20,True,True,12,2,2,True,
2,Example_Files/Y.v18.txt,270,14,27,12,19,26,True,True,12,2,2,True,
2,Example_Files/Y.v18.txt,271,14,27,12,23,27,True,True,12,2,2,True,
2,Example_Files/Y.v18.txt,278,14,26,12,19,24,True,True,12,2,2,True,
2,Example_Files/Y.v18.txt,279,14,24,12,16,21,True,True,12,2,2,True,
2,Example_Files/Y.v18.txt,293,14,30,12,18,22,True,True,12,2,2,True,
2,Example_Files/Y.v18.txt,311,14,28,12,19,21,True,True,12,2,2,True,
2,Example_Files/Y.v18.txt,323,14,26,12,18,23,True,True,12,2,2,True,
2,Example_Files/Y.v18.txt,334,14,24,12,16,20,True,True,12,2,2,True,
2,Example_Files/Y.v18.txt,402,14,26,12,16,19,True,True,12,2,2,True,
2,Example_Files/Y.v18.txt,432,14,26,12,16,21,True,True,12,2,2,True,
2,Example_Files/Y.v18.txt,453,14,29,12,18,21,True,True,12,2,2,True,
2,Example_Files/Y.v18.txt,487,14,28,12,23,26,True,True,12,2,2,True,
2,Example_Files/Y.v18.txt,510,14,29,12,18,22,True,True,12,2,2,True,
2,Example_Files/Y.v18.txt,575,14,44,12,18,20,True,True,12,2,2,True,
2,Example_Files/Y.v18.txt,643,14,26,12,20,27,True,True,12,2,2,True,
2,Example_Files/Y.v18.txt,648,14,28,12,19,21,True,True,12,2,2,True,
2,Example_Files/Y.v18.txt,649,14,27,12,19,21,True,True,12,2,2,True,
2,Example_Files/Y.v18.txt,756,14,36,12,18,24,True,True,12,2,2,True,
2,Example_Files/Y.v18.txt,768,14,36,12,18,22,True,True,12,2,2,True,
2,Example_Files/Y.v18.txt,781,14,36,12,22,28,True,True,12,2,2,True,
2,Example_Files/Y.v18.txt,784,14,34,12,18,24,True,True,12,2,2,True,
2,Example_Files/Y.v18.txt,876,14,35,12,20,21,True,True,12,2,2,True,
2,Example_Files/Y.v18.txt,992,14,24,12,18,26,True,True,12,2,2,True,
2,Example_Files/Y.v18.txt,997,14,33,12,23,27,True,True,12,2,2,True,
2,Example_Files/Y.v18.txt,1030,14,26,12,17,18,True,True,12,2,2,True,
2,Example_Files/Y.v18.txt,1038,14,30,12,21,26,True,True,12,2,2,True,
2,Example_Files/Y.v18.txt,1083,14,31,12,20,24,True,True,12,2,2,True,
2,Example_Files/Y.v18.txt,1316,14,32,12,21,25,True,True,12,2,2,True,
2,Example_Files/Y.v18.txt,1328,14,31,12,18,24,True,True,12,2,2,True,
2,Example_Files/Y.v18.txt,1357,14,31,12,20,24,True,True,12,2,2,True,
2,Example_Files/Y.v18.txt,1367,14,30,12,20,26,True,True,12,2,2,True,
2,Example_Files/Y.v18.txt,1406,14,31,12,22,24,True,True,12,2,2,True,
2,Example_Files/Y.v18.txt,1444,14,31,12,22,24,True,True,12,2,2,True,
2,Example_Files/Y.v18.txt,1445,14,31,12,22,24,True,True,12,2,2,True,
2,Example_Files/Y.v18.txt,1496,14,32,12,22,25,True,True,12,2,2,True,
2,Example_Files/Y.v18.txt,1512,14,27,12,18,21,True,True,12,2,2,True,
2,Example_Files/Y.v18.txt,1538,14,28,12,18,23,True,True,12,2,2,True,
2,Example_Files/Y.v18.txt,1567,14,29,12,17,20,True,True,12,2,2,True,
2,Example_Files/Y.v18.txt,1583,14,30,12,19,20,True,True,12,2,2,True,
2,Example_Files/Y.v18.txt,1596,14,28,12,18,20,True,True,12,2,2,True,
2,Example_Files/Y.v18.txt,1654,14,30,12,19,20,True,True,12,2,2,True,
2,Example_Files/Y.v18.txt,1702,14,28,12,20,23,True,True,12,2,2,True,
2,Example_Files/Y.v18.txt,1787,14,31,12,19,22,True,True,12,2,2,True,
2,Example_Files/Y.v18.txt,1797,14,34,12,22,26,True,True,12,2,2,True,
2,Example_Files/Y.v18.txt,1818,14,30,12,18,20,True,True,12,2,2,True,
2,Example_Files/Y.v18.txt,1869,14,30,12,19,20,True,True,12,2,2,True,
2,Example_Files/Y.v18.txt,1883,14,28,12,20,26,True,True,12,2,2,True,
2,Example_Files/Y.v18.txt,1888,14,31,12,22,25,True,True,12,2,2,True,
2,Example_Files/Y.v18.txt,1927,14,28,12,20,23,True,True,12,2,2,True,
2,Example_Files/Y.v18.txt,1938,14,26,12,18,20,True,True,12,2,2,True,
2,Example_Files/Y.v18.txt,1940,14,30,12,24,30,True,True,12,2,2,True,
2,Example_Files/Y.v18.txt,1960,14,27,12,17,18,True,True,12,2,2,True,
2,Example_Files/Y.v18.txt,1976,14,26,12,18,21,True,True,12,2,2,True,
2,Example_Files/Y.v18.txt,2059,14,27,12,20,21,True,True,12,2,2,True,
2,Example_Files/Y.v18.txt,2073,14,27,12,22,26,True,True,12,2,2,True,
2,Example_Files/Y.v18.txt,2092,14,28,12,20,22,True,True,12,2,2,True,
2,Example_Files/Y.v18.txt,2097,14,27,12,24,29,True,True,12,2,2,True,
2,Example_Files/Y.v18.txt,2227,14,31,12,20,21,True,True,12,2,2,True,
2,Example_Files/Y.v18.txt,2231,14,32,12,20,22,True,True,12,2,2,True,
2,Example_Files/Y.v18.txt,2334,14,33,12,23,25,True,True,12,2,2,True,
2,Example_Files/Y.v18.txt,2561,14,28,12,18,23,True,True,12,2,2,True,
2,Example_Files/Y.v18.txt,2825,14,28,12,17,18,True,True,12,2,2,True,
2,Example_Files/Y.v18.txt,2831,14,28,12,21,23,True,True,12,2,2,True,
2,Example_Files/Y.v18.txt,2875,14,27,12,19,21,True,True,12,2,2,True,
2,Example_Files/Y.v18.txt,2953,14,29,12,19,21,True,True,12,2,2,True,
2,Example_Files/Y.v18.txt,2986,14,30,12,20,22,True,True,12,2,2,True,
2,Example_Files/Y.v18.txt,2999,14,27,12,19,21,True,True,12,2,2,True,
2,Example_Files/Y.v18.txt,3057,14,29,12,24,27,True,True,12,2,2,True,
2,Example_Files/Y.v18.txt,3082,14,29,12,20,23,True,True,12,2,2,True,
2,Example_Files/Y.v18.txt,3159,14,27,12,19,21,True,True,12,2,2,True,
2,Example_Files/Y.v18.txt,3164,14,28,12,22,26,True,True,12,2,2,True,
2,Example_Files/Y.v18.txt,3168,14,27,12,23,29,True,True,12,2,2,True,
2,Example_Files/Y.v18.txt,3199,14,28,12,19,22,True,True,12,2,2,True,
2,Example_Files/Y.v18.txt,3204,14,26,12,19,24,True,True,12,2,2,True,
2,Example_Files/Y.v18.txt,3219,14,27,12,23,29,True,True,12,2,2,True,
2,Example_Files/Y.v18.txt,3232,14,27,12,19,21,True,True,12,2,2,True,
2,Example_Files/Y.v18.txt,3243,14,26,12,19,23,True,True,12,2,2,True,
2,Example_Files/Y.v18.txt,3275,14,26,12,18,21,True,True,12,2,2,True,
2,Example_Files/Y.v18.txt,3284,14,28,12,21,26,True,True,12,2,2,True,
2,Example_Files/Y.v18.txt,3288,14,24,12,19,24,True,True,12,2,2,True,
2,Example_Files/Y.v18.txt,3335,14,26,12,20,24,True,True,12,2,2,True,
2,Example_Files/Y.v18.txt,3460,14,28,12,20,25,True,True,12,2,2,True,
2,Example_Files/Y.v18.txt,3644,14,29,12,16,20,True,True,12,2,2,True,
2,Example_Files/Y.v18.txt,3688,14,27,12,23,27,True,True,12,2,2,True,
2,Example_Files/Y.v18.txt,3729,14,27,12,20,21,True,True,12,2,2,True,
2,Example_Files/Y.v18.txt,3732,14,27,12,19,21,True,True,12,2,2,True,
2,Example_Files/Y.v18.txt,3748,14,26,12,20,24,True,True,12,2,2,True,
2,Example_Files/Y.v18.txt,3801,14,26,12,20,24,True,True,12,2,2,True,
2,Example_Files/Y.v18.txt,3884,14,27,12,23,29,True,True,12,2,2,True,
2,Example_Files/Y.v18.txt,3937,14,26,12,16,16,True,True,12,2,2,True,
2,Example_Files/Y.v18.txt,3938,14,28,12,20,23,True,True,12,2,2,True,
2,Example_Files/Y.v18.txt,3956,14,28,12,20,21,True,True,12,2,2,True,
2,Example_Files/Y.v18.txt,3987,14,27,12,19,24,True,True,12,2,2,True,
2,Example_Files/Y.v18.txt,3991,14,31,12,24,31,True,True,12,2,2,True,
2,Example_Files/Y.v18.txt,4004,14,31,12,23,26,True,True,12,2,2,True,
2,Example_Files/Y.v18.txt,4030,14,27,12,19,21,True,True,12,2,2,True,
2,Example_Files/Y.v18.txt,4059,14,29,12,23,27,True,True,12,2,2,True,
2,Example_Files/Y.v18.txt,4073,14,25,12,17,20,True,True,12,2,2,True,
2,Example_Files/Y.v18.txt,4092,14,26,12,19,23,True,True,12,2,2,True,
2,Example_Files/Y.v18.txt,4109,14,27,12,19,21,True,True,12,2,2,True,
2,Example_Files/Y.v18.txt,4162,14,31,12,21,21,True,True,12,2,2,True,
2,Example_Files/Y.v18.txt,4190,14,26,12,17,19,True,True,12,2,2,True,
2,Example_Files/Y.v18.txt,4203,14,28,12,19,21,True,True,12,2,2,True,
2,Example_Files/Y.v18.txt,4264,14,29,12,19,22,True,True,12,2,2,True,
2,Example_Files/Y.v18.txt,4267,14,29,12,21,22,True,True,12,2,2,True,
2,Example_Files/Y.v18.txt,4270,14,27,12,18,21,True,True,12,2,2,True,
2,Example_Files/Y.v18.txt,4282,14,32,12,20,23,True,True,12,2,2,True,
2,Example_Files/Y.v18.txt,4286,14,34,12,22,24,True,True,12,2,2,True,
2,Example_Files/Y.v18.txt,4314,14,31,12,19,21,True,True,12,2,2,True,
2,Example_Files/Y.v18.txt,4419,14,28,12,20,21,True,True,12,2,2,True,
2,Example_Files/Y.v18.txt,4434,14,27,12,21,26,True,True,12,2,2,True,
2,Example_Files/Y.v18.txt,4437,14,27,12,24,29,True,True,12,2,2,True,
2,Example_Files/Y.v18.txt,4502,14,29,12,20,23,True,True,12,2,2,True,
2,Example_Files/Y.v18.txt,4513,14,26,12,17,19,True,True,12,2,2,True,
2,Example_Files/Y.v18.txt,4560,14,26,12,19,21,True,True,12,2,2,True,
2,Example_Files/Y.v18.txt,4568,14,26,12,18,23,True,True,12,2,2,True,
2,Example_Files/Y.v18.txt,4667,14,26,12,19,24,True,True,12,2,2,True,
2,Example_Files/Y.v18.txt,4742,14,29,12,22,24,True,True,12,2,2,True,
2,Example_Files/Y.v18.txt,4756,14,24,12,18,22,True,True,12,2,2,True,
2,Example_Files/Y.v18.txt,4760,14,27,12,19,21,True,True,12,2,2,True,
2,Example_Files/Y.v18.txt,4814,14,29,12,20,24,True,True,12,2,2,True,
2,Example_Files/Y.v18.txt,4829,14,28,12,23,26,True,True,12,2,2,True,
2,Example_Files/Y.v18.txt,4845,14,24,12,17,22,True,True,12,2,2,True,
2,Example_Files/Y.v18.txt,4862,14,26,12,15,18,True,True,12,2,2,True,
2,Example_Files/Y.v18.txt,4872,14,28,12,19,23,True,True,12,2,2,True,
2,Example_Files/Y.v18.txt,4984,14,26,12,20,26,True,True,12,2,2,True,
2,Example_Files/Y.v18.txt,4998,14,28,12,25,29,True,True,12,2,2,True,
2,Example_Files/Y.v18.txt,5030,14,28,12,22,28,True,True,12,2,2,True,
2,Example_Files/Y.v18.txt,5046,14,26,12,20,24,True,True,12,2,2,True,
2,Example_Files/Y.v18.txt,5099,14,29,12,20,22,True,True,12,2,2,True,
2,Example_Files/Y.v18.txt,5112,14,26,12,19,24,True,True,12,2,2,True,
2,Example_Files/Y.v18.txt,5202,14,26,12,21,26,True,True,12,2,2,True,
2,Example_Files/Y.v18.txt,5219,14,28,12,16,20,True,True,12,2,2,True,
2,Example_Files/Y.v18.txt,5225,14,29,12,17,17,True,True,12,2,2,True,
2,Example_Files/Y.v18.txt,5240,14,26,12,22,26,True,True,12,2,2,True,
2,Example_Files/Y.v18.txt,5312,14,28,12,24,28,True,True,12,2,2,True,
2,Example_Files/Y.v18.txt,5313,14,28,12,22,28,True,True,12,2,2,True,
2,Example_Files/Y.v18.txt,5314,14,29,12,25,31,True,True,12,2,2,True,
2,Example_Files/Y.v18.txt,5337,14,27,12,19,21,True,True,12,2,2,True,
2,Example_Files/Y.v18.txt,5353,14,27,12,15,17,True,True,12,2,2,True,
2,Example_Files/Y.v18.txt,5448,14,28,12,22,26,True,True,12,2,2,True,
2,Example_Files/Y.v18.txt,5452,14,28,12,26,31,True,True,12,2,2,True,
2,Example_Files/Y.v18.txt,5470,14,29,12,20,24,True,True,12,2,2,True,
2,Example_Files/Y.v18.txt,5541,14,26,12,14,14,True,True,12,2,2,True,
2,Example_Files/Y.v18.txt,5586,14,27,12,18,21,True,True,12,2,2,True,
2,Example_Files/Y.v18.txt,5661,14,30,12,23,30,True,True,12,2,2,True,
2,Example_Files/Y.v18.txt,5700,14,26,12,17,20,True,True,12,2,2,True,
1,Example_Files/Y.v18.txt,5768,14,26,13,17,18,True,True,13,1,1,True,1.0
2,Example_Files/Y.v18.txt,6262,14,30,12,21,24,True,True,12,2,2,True,
2,Example_Files/Y.v18.txt,6279,14,32,12,19,22,True,True,12,2,2,True,
2,Example_Files/Y.v18.txt,6315,14,30,12,18,24,True,True,12,2,2,True,
2,Example_Files/Y.v18.txt,6336,14,30,12,21,24,True,True,12,2,2,True,
2,Example_Files/Y.v18.txt,6350,14,29,12,24,31,True,True,12,2,2,True,
2,Example_Files/Y.v18.txt,6714,14,37,12,17,22,True,True,12,2,2,True,
2,Example_Files/Y.v18.txt,6719,14,36,12,18,22,True,True,12,2,2,True,
2,Example_Files/Y.v18.txt,6827,14,36,12,22,28,True,True,12,2,2,True,
2,Example_Files/Y.v18.txt,6864,14,34,12,19,24,True,True,12,2,2,True,
2,Example_Files/Y.v18.txt,7141,14,36,12,16,24,True,True,12,2,2,True,
2,Example_Files/Y.v18.txt,7167,14,36,12,18,22,True,True,12,2,2,True,
2,Example_Files/Y.v18.txt,7169,14,36,12,18,22,True,True,12,2,2,True,
2,Example_Files/Y.v18.txt,7170,14,36,12,18,22,True,True,12,2,2,True,
2,Example_Files/Y.v18.txt,7441,14,28,12,21,23,True,True,12,2,2,True,
2,Example_Files/Y.v18.txt,7609,14,35,12,19,23,True,True,12,2,2,True,
2,Example_Files/Y.v18.txt,7671,14,36,12,21,28,True,True,12,2,2,True,
2,Example_Files/Y.v18.txt,7692,14,36,12,21,28,True,True,12,2,2,True,
2,Example_Files/Y.v18.txt,7775,14,33,12,21,25,True,True,12,2,2,True,
2,Example_Files/Y.v18.txt,7835,14,28,12,19,21,True,True,12,2,2,True,
2,Example_Files/Y.v18.txt,7849,14,28,12,20,21,True,True,12,2,2,True,
2,Example_Files/Y.v18.txt,7946,14,28,12,20,23,True,True,12,2,2,True,
2,Example_Files/Y.v18.txt,7956,14,28,12,21,23,True,True,12,2,2,True,
2,Example_Files/Y.v18.txt,7982,14,26,12,20,24,True,True,12,2,2,True,
2,Example_Files/Y.v18.txt,7996,14,29,12,21,22,True,True,12,2,2,True,
2,Example_Files/Y.v18.txt,8033,14,29,12,20,24,True,True,12,2,2,True,
2,Example_Files/Y.v18.txt,8059,14,28,12,22,28,True,True,12,2,2,True,
2,Example_Files/Y.v18.txt,8062,14,28,12,23,28,True,True,12,2,2,True,
2,Example_Files/Y.v18.txt,8077,14,26,12,22,31,True,True,12,2,2,True,
2,Example_Files/Y.v18.txt,8079,14,28,12,18,24,True,True,12,2,2,True,
2,Example_Files/Y.v18.txt,8084,14,26,12,19,26,True,True,12,2,2,True,
2,Example_Files/Y.v18.txt,8095,14,31,12,22,27,True,True,12,2,2,True,
2,Example_Files/Y.v18.txt,8102,14,28,12,20,26,True,True,12,2,2,True,
2,Example_Files/Y.v18.txt,8139,14,28,12,17,20,True,True,12,2,2,True,
2,Example_Files/Y.v18.txt,8172,14,28,12,22,26,True,True,12,2,2,True,
2,Example_Files/Y.v18.txt,8190,14,26,12,23,31,True,True,12,2,2,True,
2,Example_Files/Y.v18.txt,8207,14,31,12,21,24,True,True,12,2,2,True,
2,Example_Files/Y.v18.txt,8325,14,28,12,17,21,True,True,12,2,2,True,
2,Example_Files/Y.v18.txt,8353,14,28,12,21,23,True,True,12,2,2,True,
2,Example_Files/Y.v18.txt,8406,14,29,12,22,28,True,True,12,2,2,True,
2,Example_Files/Y.v18.txt,8426,14,28,12,21,23,True,True,12,2,2,True,
2,Example_Files/Y.v18.txt,8514,14,27,12,17,18,True,True,12,2,2,True,
2,Example_Files/Y.v18.txt,8650,14,29,12,19,22,True,True,12,2,2,True,
2,Example_Files/Y.v18.txt,8752,14,29,12,20,23,True,True,12,2,2,True,
2,Example_Files/Y.v18.txt,8804,14,31,12,19,21,True,True,12,2,2,True,
2,Example_Files/Y.v18.txt,9000,14,29,12,23,27,True,True,12,2,2,True,
2,Example_Files/Y.v18.txt,9074,14,26,12,20,24,True,True,12,2,2,True,
2,Example_Files/Y.v18.txt,9076,14,29,12,22,24,True,True,12,2,2,True,
2,Example_Files/Y.v18.txt,9116,14,24,12,17,21,True,True,12,2,2,True,
2,Example_Files/Y.v18.txt,9224,14,26,12,17,24,True,True,12,2,2,True,
2,Example_Files/Y.v18.txt,9277,14,28,12,24,29,True,True,12,2,2,True,
2,Example_Files/Y.v18.txt,9290,14,28,12,18,23,True,True,12,2,2,True,
2,Example_Files/Y.v18.txt,9292,14,27,12,23,27,True,True,12,2,2,True,
2,Example_Files/Y.v18.txt,9345,14,27,12,15,17,True,True,12,2,2,True,
2,Example_Files/Y.v18.txt,9386,14,28,12,20,23,True,True,12,2,2,True,
2,Example_Files/Y.v18.txt,9477,14,27,12,19,24,True,True,12,2,2,True,
2,Example_Files/Y.v18.txt,9496,14,26,12,14,16,True,True,12,2,2,True,
2,Example_Files/Y.v18.txt,9562,14,28,12,19,22,True,True,12,2,2,True,
2,Example_Files/Y.v18.txt,9564,14,28,12,19,22,True,True,12,2,2,True,
2,Example_Files/Y.v18.txt,9624,14,26,12,16,18,True,True,12,2,2,True,
2,Example_Files/Y.v18.txt,9663,14,31,12,19,23,True,True,12,2,2,True,
2,Example_Files/Y.v18.txt,9681,14,30,12,20,24,True,True,12,2,2,True,
2,Example_Files/Y.v18.txt,9690,14,31,12,21,27,True,True,12,2,2,True,
2,Example_Files/Y.v18.txt,9759,14,32,12,20,23,True,True,12,2,2,True,
2,Example_Files/Y.v18.txt,9901,14,26,12,19,21,True,True,12,2,2,True,
2,Example_Files/Y.v18.txt,9913,14,31,12,22,27,True,True,12,2,2,True,
2,Example_Files/Y.v18.txt,10063,14,28,12,20,22,True,True,12,2,2,True,
2,Example_Files/Y.v18.txt,10080,14,28,12,22,26,True,True,12,2,2,True,
2,Example_Files/Y.v18.txt,10096,14,29,12,20,23,True,True,12,2,2,True,
2,Example_Files/Y.v18.txt,10135,14,28,12,19,22,True,True,12,2,2,True,
2,Example_Files/Y.v18.txt,10137,14,27,12,23,29,True,True,12,2,2,True,
2,Example_Files/Y.v18.txt,10336,14,29,12,20,23,True,True,12,2,2,True,
2,Example_Files/Y.v18.txt,10355,14,30,12,20,22,True,True,12,2,2,True,
2,Example_Files/Y.v18.txt,10421,14,24,12,19,24,True,True,12,2,2,True,
2,Example_Files/Y.v18.txt,10443,14,31,12,18,24,True,True,12,2,2,True,
2,Example_Files/Y.v18.txt,10454,14,33,12,24,27,True,True,12,2,2,True,
2,Example_Files/Y.v18.txt,10460,14,31,12,20,24,True,True,12,2,2,True,
2,Example_Files/Y.v18.txt,10468,14,28,12,18,23,True,True,12,2,2,True,
2,Example_Files/Y.v18.txt,10478,14,33,12,25,30,True,True,12,2,2,True,
2,Example_Files/Y.v18.txt,10487,14,30,12,24,32,True,True,12,2,2,True,
2,Example_Files/Y.v18.txt,10503,14,28,12,20,23,True,True,12,2,2,True,
2,Example_Files/Y.v18.txt,10518,14,26,12,20,26,True,True,12,2,2,True,
2,Example_Files/Y.v18.txt,10521,14,24,12,18,22,True,True,12,2,2,True,
2,Example_Files/Y.v18.txt,10563,14,42,12,18,21,True,True,12,2,2,True,
2,Example_Files/Y.v18.txt,10567,14,27,12,22,27,True,True,12,2,2,True,
2,Example_Files/Y.v18.txt,10568,18,23,16,36,39,True,True,16,2,2,True,
2,Example_Files/Y.v18.txt,10570,18,23,16,34,40,True,True,16,2,2,True,
2,Example_Files/Y.v18.txt,10617,14,28,12,23,26,True,True,12,2,2,True,
2,Example_Files/Y.v18.txt,10620,14,28,12,20,23,True,True,12,2,2,True,
2,Example_Files/Y.v18.txt,10652,14,28,12,23,29,True,True,12,2,2,True,
2,Example_Files/Y.v18.txt,10656,14,28,12,21,26,True,True,12,2,2,True,
2,Example_Files/Y.v18.txt,10691,14,28,12,22,26,True,True,12,2,2,True,
2,Example_Files/Y.v18.txt,10721,14,28,12,19,21,True,True,12,2,2,True,
2,Example_Files/Y.v18.txt,10723,14,28,12,24,31,True,True,12,2,2,True,
2,Example_Files/Y.v18.txt,10739,14,29,12,19,23,True,True,12,2,2,True,
2,Example_Files/Y.v18.txt,10777,14,26,12,23,27,True,True,12,2,2,True,
2,Example_Files/Y.v18.txt,10804,16,25,14,33,40,True,True,14,2,2,True,
1,Example_Files/Y.v18.txt,10805,14,26,13,18,21,True,True,13,1,1,True,1.0
2,Example_Files/Y.v18.txt,10810,14,29,12,20,22,True,True,12,2,2,True,
2,Example_Files/Y.v18.txt,10819,17,23,15,21,26,True,True,15,2,2,True,
2,Example_Files/Y.v18.txt,10821,14,26,12,21,28,True,True,12,2,2,True,
2,Example_Files/Y.v18.txt,10824,14,36,12,17,24,True,True,12,2,2,True,
2,Example_Files/Y.v18.txt,10832,14,28,12,20,26,True,True,12,2,2,True,
2,Example_Files/Y.v18.txt,10833,14,26,12,20,28,True,True,12,2,2,True,
2,Example_Files/Y.v18.txt,10844,14,26,12,17,20,True,True,12,2,2,True,
2,Example_Files/Y.v18.txt,10866,14,38,12,22,28,True,True,12,2,2,True,
2,Example_Files/Y.v18.txt,10879,14,36,12,24,26,True,True,12,2,2,True,
2,Example_Files/Y.v18.txt,10919,14,40,12,21,23,True,True,12,2,2,True,
2,Example_Files/Y.v18.txt,10973,14,28,12,18,20,True,True,12,2,2,True,
2,Example_Files/Y.v18.txt,11071,14,35,12,20,21,True,True,12,2,2,True,
2,Example_Files/Y.v18.txt,11072,14,35,12,19,23,True,True,12,2,2,True,
2,Example_Files/Y.v18.txt,11134,14,40,12,22,23,True,True,12,2,2,True,
2,Example_Files/Y.v18.txt,11187,14,33,12,22,27,True,True,12,2,2,True,
2,Example_Files/Y.v18.txt,11242,14,38,12,24,26,True,True,12,2,2,True,
2,Example_Files/Y.v18.txt,11261,14,32,12,21,25,True,True,12,2,2,True,
2,Example_Files/Y.v18.txt,11485,14,33,12,23,27,True,True,12,2,2,True,
2,Example_Files/Y.v18.txt,11655,14,30,12,17,20,True,True,12,2,2,True,
2,Example_Files/Y.v18.txt,11664,14,28,12,21,28,True,True,12,2,2,True,
2,Example_Files/Y.v18.txt,11669,14,30,12,18,20,True,True,12,2,2,True,
2,Example_Files/Y.v18.txt,11732,14,27,12,17,21,True,True,12,2,2,True,
2,Example_Files/Y.v18.txt,11779,14,32,12,20,26,True,True,12,2,2,True,
2,Example_Files/Y.v18.txt,11782,14,28,12,22,26,True,True,12,2,2,True,
2,Example_Files/Y.v18.txt,11794,14,28,12,23,31,True,True,12,2,2,True,
2,Example_Files/Y.v18.txt,11848,14,34,12,20,22,True,True,12,2,2,True,
2,Example_Files/Y.v18.txt,11853,14,32,12,20,22,True,True,12,2,2,True,
2,Example_Files/Y.v18.txt,11858,14,34,12,22,24,True,True,12,2,2,True,
2,Example_Files/Y.v18.txt,11904,14,33,12,22,25,True,True,12,2,2,True,
2,Example_Files/Y.v18.txt,11907,14,31,12,19,21,True,True,12,2,2,True,
2,Example_Files/Y.v18.txt,11927,14,30,12,18,22,True,True,12,2,2,True,
2,Example_Files/Y.v18.txt,11993,14,30,12,23,27,True,True,12,2,2,True,
2,Example_Files/Y.v18.txt,12146,14,31,12,23,27,True,True,12,2,2,True,
2,Example_Files/Y.v18.txt,12230,14,28,12,19,25,True,True,12,2,2,True,
2,Example_Files/Y.v18.txt,12238,14,28,12,19,22,True,True,12,2,2,True,
2,Example_Files/Y.v18.txt,12267,14,26,12,20,24,True,True,12,2,2,True,
2,Example_Files/Y.v18.txt,12333,14,31,12,20,21,True,True,12,2,2,True,
2,Example_Files/Y.v18.txt,12368,14,29,12,20,23,True,True,12,2,2,True,
2,Example_Files/Y.v18.txt,12398,14,30,12,16,16,True,True,12,2,2,True,
2,Example_Files/Y.v18.txt,12436,14,33,12,21,25,True,True,12,2,2,True,
2,Example_Files/Y.v18.txt,12489,14,29,12,18,22,True,True,12,2,2,True,
2,Example_Files/Y.v18.txt,12553,14,26,12,19,24,True,True,12,2,2,True,
2,Example_Files/Y.v18.txt,12577,14,26,12,20,24,True,True,12,2,2,True,
2,Example_Files/Y.v18.txt,12612,14,35,12,24,30,True,True,12,2,2,True,
2,Example_Files/Y.v18.txt,12620,14,29,12,20,22,True,True,12,2,2,True,
2,Example_Files/Y.v18.txt,12623,14,28,12,25,29,True,True,12,2,2,True,
2,Example_Files/Y.v18.txt,12625,14,29,12,19,20,True,True,12,2,2,True,
2,Example_Files/Y.v18.txt,12644,17,23,15,31,39,True,True,15,2,2,True,
2,Example_Files/Y.v18.txt,12649,14,28,12,23,29,True,True,12,2,2,True,
2,Example_Files/Y.v18.txt,12650,14,28,12,23,29,True,True,12,2,2,True,
2,Example_Files/Y.v18.txt,12656,14,30,12,24,33,True,True,12,2,2,True,
2,Example_Files/Y.v18.txt,12693,14,29,12,23,31,True,True,12,2,2,True,
2,Example_Files/Y.v18.txt,12703,14,26,12,18,24,True,True,12,2,2,True,
2,Example_Files/Y.v18.txt,12704,15,28,13,29,38,True,True,13,2,2,True,
2,Example_Files/Y.v18.txt,12717,14,31,12,26,31,True,True,12,2,2,True,
2,Example_Files/Y.v18.txt,12719,14,26,12,24,29,True,True,12,2,2,True,
2,Example_Files/Y.v18.txt,12743,14,29,12,23,29,True,True,12,2,2,True,
2,Example_Files/Y.v18.txt,12744,14,24,12,21,27,True,True,12,2,2,True,
2,Example_Files/Y.v18.txt,12748,14,31,12,26,31,True,True,12,2,2,True,
2,Example_Files/Y.v18.txt,12787,14,28,12,20,23,True,True,12,2,2,True,
2,Example_Files/Y.v18.txt,12815,14,26,12,21,29,True,True,12,2,2,True,
2,Example_Files/Y.v18.txt,12833,14,26,12,20,27,True,True,12,2,2,True,
2,Example_Files/Y.v18.txt,12874,14,32,12,22,23,True,True,12,2,2,True,
2,Example_Files/Y.v18.txt,12947,14,28,12,19,24,True,True,12,2,2,True,
2,Example_Files/Y.v18.txt,12990,17,23,15,33,42,True,True,15,2,2,True,
2,Example_Files/Y.v18.txt,12991,14,26,12,20,23,True,True,12,2,2,True,
2,Example_Files/Y.v18.txt,12992,14,26,12,21,24,True,True,12,2,2,True,
2,Example_Files/Y.v18.txt,13008,14,29,12,23,29,True,True,12,2,2,True,
2,Example_Files/Y.v18.txt,13009,14,29,12,22,24,True,True,12,2,2,True,
2,Example_Files/Y.v18.txt,13031,14,26,12,19,26,True,True,12,2,2,True,
2,Example_Files/Y.v18.txt,13032,15,25,13,29,39,True,True,13,2,2,True,
2,Example_Files/Y.v18.txt,13071,14,26,12,22,27,True,True,12,2,2,True,
2,Example_Files/Y.v18.txt,13073,14,29,12,22,29,True,True,12,2,2,True,
2,Example_Files/Y.v18.txt,13079,14,26,12,22,29,True,True,12,2,2,True,
2,Example_Files/Y.v18.txt,13100,14,29,12,20,23,True,True,12,2,2,True,
2,Example_Files/Y.v18.txt,13120,14,28,12,18,20,True,True,12,2,2,True,
2,Example_Files/Y.v18.txt,13122,14,27,12,23,29,True,True,12,2,2,True,
2,Example_Files/Y.v18.txt,13158,14,29,12,18,21,True,True,12,2,2,True,
2,Example_Files/Y.v18.txt,13179,14,29,12,19,24,True,True,12,2,2,True,
2,Example_Files/Y.v18.txt,13198,14,28,12,18,20,True,True,12,2,2,True,
2,Example_Files/Y.v18.txt,13213,14,30,12,18,22,True,True,12,2,2,True,
2,Example_Files/Y.v18.txt,13216,14,30,12,18,22,True,True,12,2,2,True,
2,Example_Files/Y.v18.txt,13251,14,31,12,20,27,True,True,12,2,2,True,
2,Example_Files/Y.v18.txt,13323,14,34,12,20,22,True,True,12,2,2,True,
2,Example_Files/Y.v18.txt,13325,14,34,12,21,26,True,True,12,2,2,True,
2,Example_Files/Y.v18.txt,13377,14,33,12,22,27,True,True,12,2,2,True,
2,Example_Files/Y.v18.txt,14017,14,37,12,22,23,True,True,12,2,2,True,
2,Example_Files/Y.v18.txt,14121,14,37,12,21,23,True,True,12,2,2,True,
2,Example_Files/Y.v18.txt,14200,14,33,12,21,23,True,True,12,2,2,True,
2,Example_Files/Y.v18.txt,14220,14,31,12,20,23,True,True,12,2,2,True,
2,Example_Files/Y.v18.txt,14246,14,33,12,20,23,True,True,12,2,2,True,
2,Example_Files/Y.v18.txt,14259,14,31,12,24,32,True,True,12,2,2,True,
2,Example_Files/Y.v18.txt,14759,14,38,12,20,23,True,True,12,2,2,True,
2,Example_Files/Y.v18.txt,14788,14,37,12,19,23,True,True,12,2,2,True,
2,Example_Files/Y.v18.txt,14881,14,35,12,19,23,True,True,12,2,2,True,
2,Example_Files/Y.v18.txt,14932,14,31,12,19,24,True,True,12,2,2,True,
2,Example_Files/Y.v18.txt,15206,14,31,12,19,21,True,True,12,2,2,True,
2,Example_Files/Y.v18.txt,15318,14,28,12,19,23,True,True,12,2,2,True,
2,Example_Files/Y.v18.txt,15328,14,26,12,22,24,True,True,12,2,2,True,
2,Example_Files/Y.v18.txt,15336,14,31,12,19,23,True,True,12,2,2,True,
2,Example_Files/Y.v18.txt,15342,14,28,12,20,28,True,True,12,2,2,True,
2,Example_Files/Y.v18.txt,15353,14,29,12,20,22,True,True,12,2,2,True,
2,Example_Files/Y.v18.txt,15369,14,32,12,21,23,True,True,12,2,2,True,
2,Example_Files/Y.v18.txt,15382,14,31,12,23,27,True,True,12,2,2,True,
2,Example_Files/Y.v18.txt,15420,14,29,12,19,23,True,True,12,2,2,True,
2,Example_Files/Y.v18.txt,15439,14,33,12,22,27,True,True,12,2,2,True,
2,Example_Files/Y.v18.txt,15454,14,31,12,21,24,True,True,12,2,2,True,
2,Example_Files/Y.v18.txt,15543,14,28,12,19,23,True,True,12,2,2,True,
2,Example_Files/Y.v18.txt,15547,14,32,12,21,23,True,True,12,2,2,True,
2,Example_Files/Y.v18.txt,15625,14,31,12,22,24,True,True,12,2,2,True,
2,Example_Files/Y.v18.txt,15646,14,31,12,19,24,True,True,12,2,2,True,
2,Example_Files/Y.v18.txt,15663,14,31,12,20,24,True,True,12,2,2,True,
2,Example_Files/Y.v18.txt,15745,14,27,12,17,21,True,True,12,2,2,True,
2,Example_Files/Y.v18.txt,15755,14,29,12,23,29,True,True,12,2,2,True,
2,Example_Files/Y.v18.txt,15766,14,29,12,22,24,True,True,12,2,2,True,
2,Example_Files/Y.v18.txt,15834,14,33,12,22,25,True,True,12,2,2,True,
2,Example_Files/Y.v18.txt,15939,14,30,12,21,22,True,True,12,2,2,True,
2,Example_Files/Y.v18.txt,15986,14,26,12,20,24,True,True,12,2,2,True,
2,Example_Files/Y.v18.txt,15997,14,26,12,19,23,True,True,12,2,2,True,
2,Example_Files/Y.v18.txt,16043,15,25,13,22,30,True,True,13,2,2,True,
2,Example_Files/Y.v18.txt,16141,14,27,12,19,21,True,True,12,2,2,True,
2,Example_Files/Y.v18.txt,16144,14,28,12,19,23,True,True,12,2,2,True,
2,Example_Files/Y.v18.txt,16159,14,28,12,24,29,True,True,12,2,2,True,
2,Example_Files/Y.v18.txt,16168,14,26,12,19,23,True,True,12,2,2,True,
2,Example_Files/Y.v18.txt,16228,14,32,12,21,23,True,True,12,2,2,True,
2,Example_Files/Y.v18.txt,16275,14,34,12,19,21,True,True,12,2,2,True,
2,Example_Files/Y.v18.txt,16288,14,34,12,19,21,True,True,12,2,2,True,
2,Example_Files/Y.v18.txt,16310,14,34,12,19,21,True,True,12,2,2,True,
2,Example_Files/Y.v18.txt,16323,14,31,12,20,24,True,True,12,2,2,True,
2,Example_Files/Y.v18.txt,16361,14,27,12,19,24,True,True,12,2,2,True,
2,Example_Files/Y.v18.txt,16372,14,32,12,20,20,True,True,12,2,2,True,
2,Example_Files/Y.v18.txt,16374,14,31,12,24,26,True,True,12,2,2,True,
2,Example_Files/Y.v18.txt,16423,14,29,12,19,23,True,True,12,2,2,True,
2,Example_Files/Y.v18.txt,16443,14,29,12,22,27,True,True,12,2,2,True,
2,Example_Files/Y.v18.txt,16493,14,28,12,23,26,True,True,12,2,2,True,
2,Example_Files/Y.v18.txt,16578,15,27,13,20,26,True,True,13,2,2,True,
2,Example_Files/Y.v18.txt,16602,15,29,13,26,30,True,True,13,2,2,True,
2,Example_Files/Y.v18.txt,16603,15,33,13,29,31,True,True,13,2,2,True,
2,Example_Files/Y.v18.txt,16619,14,29,12,19,19,True,True,12,2,2,True,
2,Example_Files/Y.v18.txt,16694,14,26,12,19,25,True,True,12,2,2,True,
2,Example_Files/Y.v18.txt,16705,14,38,12,20,23,True,True,12,2,2,True,
2,Example_Files/Y.v18.txt,16707,14,38,12,20,23,True,True,12,2,2,True,
1,Example_Files/Y.v18.txt,16766,14,26,13,18,18,True,True,13,1,1,True,1.0
2,Example_Files/Y.v18.txt,16782,14,28,12,21,26,True,True,12,2,2,True,
2,Example_Files/Y.v18.txt,16790,14,26,12,20,24,True,True,12,2,2,True,
2,Example_Files/Y.v18.txt,16824,14,26,12,19,23,True,True,12,2,2,True,
2,Example_Files/Y.v18.txt,16844,14,27,12,17,17,True,True,12,2,2,True,
2,Example_Files/Y.v18.txt,16872,17,28,15,36,39,True,True,15,2,2,True,
2,Example_Files/Y.v18.txt,16962,14,38,12,21,22,True,True,12,2,2,True,
2,Example_Files/Y.v18.txt,16981,14,32,12,20,23,True,True,12,2,2,True,
2,Example_Files/Y.v19.txt,57,15,27,13,27,28,True,True,13,2,2,True,
2,Example_Files/Y.v19.txt,100,15,25,13,20,22,True,True,13,2,2,True,
2,Example_Files/Y.v19.txt,119,15,25,13,21,23,True,True,13,2,2,True,
2,Example_Files/Y.v19.txt,183,15,26,13,23,28,True,True,13,2,2,True,
1,Example_Files/Y.v19.txt,247,15,25,14,22,26,True,True,14,1,1,True,1.0
2,Example_Files/Y.v19.txt,272,15,28,13,27,32,True,True,13,2,2,True,
2,Example_Files/Y.v19.txt,273,15,25,13,21,23,True,True,13,2,2,True,
2,Example_Files/Y.v19.txt,324,15,29,13,22,24,True,True,13,2,2,True,
2,Example_Files/Y.v19.txt,345,15,23,13,19,21,True,True,13,2,2,True,
2,Example_Files/Y.v19.txt,362,15,29,13,21,24,True,True,13,2,2,True,
2,Example_Files/Y.v19.txt,390,15,26,13,23,25,True,True,13,2,2,True,
2,Example_Files/Y.v19.txt,428,15,39,13,18,24,True,True,13,2,2,True,
2,Example_Files/Y.v19.txt,459,15,24,13,21,28,True,True,13,2,2,True,
1,Example_Files/Y.v19.txt,469,15,25,14,19,20,True,True,14,1,1,True,1.0
2,Example_Files/Y.v19.txt,493,15,27,13,22,23,True,True,13,2,2,True,
2,Example_Files/Y.v19.txt,505,15,25,13,25,33,True,True,13,2,2,True,
2,Example_Files/Y.v19.txt,518,15,35,13,18,18,True,True,13,2,2,True,
2,Example_Files/Y.v19.txt,537,15,36,13,24,29,True,True,13,2,2,True,
2,Example_Files/Y.v19.txt,541,15,26,13,22,25,True,True,13,2,2,True,
2,Example_Files/Y.v19.txt,550,15,25,13,24,28,True,True,13,2,2,True,
2,Example_Files/Y.v19.txt,559,15,35,13,20,24,True,True,13,2,2,True,
2,Example_Files/Y.v19.txt,582,15,34,13,24,29,True,True,13,2,2,True,
2,Example_Files/Y.v19.txt,589,15,33,13,23,28,True,True,13,2,2,True,
2,Example_Files/Y.v19.txt,596,15,28,13,22,24,True,True,13,2,2,True,
2,Example_Files/Y.v19.txt,598,15,28,13,24,24,True,True,13,2,2,True,
2,Example_Files/Y.v19.txt,599,15,33,13,21,24,True,True,13,2,2,True,
2,Example_Files/Y.v19.txt,640,15,33,13,21,23,True,True,13,2,2,True,
2,Example_Files/Y.v19.txt,649,15,30,13,27,31,True,True,13,2,2,True,
2,Example_Files/Y.v19.txt,714,15,31,13,23,25,True,True,13,2,2,True,
2,Example_Files/Y.v19.txt,760,15,32,13,25,26,True,True,13,2,2,True,
2,Example_Files/Y.v19.txt,807,15,30,13,24,27,True,True,13,2,2,True,
2,Example_Files/Y.v19.txt,814,15,29,13,25,32,True,True,13,2,2,True,
2,Example_Files/Y.v19.txt,815,15,25,13,22,28,True,True,13,2,2,True,
2,Example_Files/Y.v19.txt,817,15,27,13,17,19,True,True,13,2,2,True,
2,Example_Files/Y.v19.txt,871,15,29,13,23,24,True,True,13,2,2,True,
2,Example_Files/Y.v19.txt,884,15,29,13,21,24,True,True,13,2,2,True,
2,Example_Files/Y.v19.txt,904,15,28,13,22,24,True,True,13,2,2,True,
2,Example_Files/Y.v19.txt,905,15,28,13,26,29,True,True,13,2,2,True,
2,Example_Files/Y.v19.txt,977,15,25,13,20,20,True,True,13,2,2,True,
2,Example_Files/Y.v19.txt,985,15,27,13,27,30,True,True,13,2,2,True,
2,Example_Files/Y.v19.txt,998,15,24,13,21,25,True,True,13,2,2,True,
2,Example_Files/Y.v19.txt,1360,15,27,13,22,28,True,True,13,2,2,True,
2,Example_Files/Y.v19.txt,1429,15,25,13,20,21,True,True,13,2,2,True,
2,Example_Files/Y.v19.txt,1432,15,27,13,25,30,True,True,13,2,2,True,
2,Example_Files/Y.v19.txt,1442,15,27,13,20,22,True,True,13,2,2,True,
2,Example_Files/Y.v19.txt,1458,15,25,13,23,28,True,True,13,2,2,True,
2,Example_Files/Y.v19.txt,1497,15,27,13,20,21,True,True,13,2,2,True,
2,Example_Files/Y.v19.txt,1500,15,28,13,19,19,True,True,13,2,2,True,
2,Example_Files/Y.v19.txt,1505,15,27,13,25,30,True,True,13,2,2,True,
2,Example_Files/Y.v19.txt,1548,15,28,13,22,22,True,True,13,2,2,True,
2,Example_Files/Y.v19.txt,1550,15,27,13,21,22,True,True,13,2,2,True,
2,Example_Files/Y.v19.txt,1594,15,27,13,20,22,True,True,13,2,2,True,
2,Example_Files/Y.v19.txt,1596,15,27,13,22,26,True,True,13,2,2,True,
2,Example_Files/Y.v19.txt,1604,15,28,13,24,27,True,True,13,2,2,True,
2,Example_Files/Y.v19.txt,1606,15,27,13,22,26,True,True,13,2,2,True,
2,Example_Files/Y.v19.txt,1625,15,26,13,19,22,True,True,13,2,2,True,
2,Example_Files/Y.v19.txt,1646,15,26,13,18,20,True,True,13,2,2,True,
2,Example_Files/Y.v19.txt,1652,15,28,13,24,27,True,True,13,2,2,True,
2,Example_Files/Y.v19.txt,1705,15,24,13,23,28,True,True,13,2,2,True,
2,Example_Files/Y.v19.txt,1730,15,30,13,19,21,True,True,13,2,2,True,
2,Example_Files/Y.v19.txt,1845,15,28,13,22,26,True,True,13,2,2,True,
2,Example_Files/Y.v19.txt,1864,15,27,13,25,31,True,True,13,2,2,True,
2,Example_Files/Y.v19.txt,1891,15,25,13,22,25,True,True,13,2,2,True,
2,Example_Files/Y.v19.txt,1931,15,26,13,19,22,True,True,13,2,2,True,
2,Example_Files/Y.v19.txt,1951,15,27,13,21,22,True,True,13,2,2,True,
2,Example_Files/Y.v19.txt,1991,15,26,13,20,25,True,True,13,2,2,True,
1,Example_Files/Y.v19.txt,2043,15,25,14,26,30,True,True,14,1,1,True,1.0
2,Example_Files/Y.v19.txt,2053,15,27,13,18,22,True,True,13,2,2,True,
2,Example_Files/Y.v19.txt,2091,15,27,13,20,26,True,True,13,2,2,True,
2,Example_Files/Y.v19.txt,2096,15,24,13,20,24,True,True,13,2,2,True,
2,Example_Files/Y.v19.txt,2127,15,24,13,20,24,True,True,13,2,2,True,
2,Example_Files/Y.v19.txt,2151,15,24,13,21,24,True,True,13,2,2,True,
2,Example_Files/Y.v19.txt,2169,15,24,13,20,21,True,True,13,2,2,True,
1,Example_Files/Y.v19.txt,2174,15,25,14,22,26,True,True,14,1,1,True,1.0
2,Example_Files/Y.v19.txt,2200,15,28,13,26,30,True,True,13,2,2,True,
2,Example_Files/Y.v19.txt,2219,15,25,13,21,23,True,True,13,2,2,True,
2,Example_Files/Y.v19.txt,2224,15,26,13,23,26,True,True,13,2,2,True,
2,Example_Files/Y.v19.txt,2242,15,26,13,24,26,True,True,13,2,2,True,
2,Example_Files/Y.v19.txt,2250,15,25,13,19,22,True,True,13,2,2,True,
2,Example_Files/Y.v19.txt,2318,15,24,13,19,22,True,True,13,2,2,True,
2,Example_Files/Y.v19.txt,2323,15,26,13,21,25,True,True,13,2,2,True,
2,Example_Files/Y.v19.txt,2372,15,26,13,20,22,True,True,13,2,2,True,
2,Example_Files/Y.v19.txt,2387,15,27,13,24,26,True,True,13,2,2,True,
2,Example_Files/Y.v19.txt,2393,15,26,13,22,25,True,True,13,2,2,True,
2,Example_Files/Y.v19.txt,2419,15,29,13,25,28,True,True,13,2,2,True,
2,Example_Files/Y.v19.txt,2422,15,26,13,19,20,True,True,13,2,2,True,
2,Example_Files/Y.v19.txt,2427,15,28,13,20,23,True,True,13,2,2,True,
2,Example_Files/Y.v19.txt,2439,15,25,13,20,27,True,True,13,2,2,True,
2,Example_Files/Y.v19.txt,2447,15,25,13,21,27,True,True,13,2,2,True,
2,Example_Files/Y.v19.txt,2511,15,26,13,22,25,True,True,13,2,2,True,
2,Example_Files/Y.v19.txt,2524,15,28,13,23,27,True,True,13,2,2,True,
2,Example_Files/Y.v19.txt,2654,15,25,13,18,21,True,True,13,2,2,True,
2,Example_Files/Y.v19.txt,2655,15,24,13,22,25,True,True,13,2,2,True,
2,Example_Files/Y.v19.txt,2666,15,26,13,20,22,True,True,13,2,2,True,
2,Example_Files/Y.v19.txt,2669,15,27,13,23,26,True,True,13,2,2,True,
2,Example_Files/Y.v19.txt,2671,15,27,13,21,25,True,True,13,2,2,True,
2,Example_Files/Y.v19.txt,2686,15,29,13,26,28,True,True,13,2,2,True,
2,Example_Files/Y.v19.txt,2707,15,25,13,23,28,True,True,13,2,2,True,
2,Example_Files/Y.v19.txt,2731,15,27,13,26,30,True,True,13,2,2,True,
2,Example_Files/Y.v19.txt,2737,15,25,13,20,23,True,True,13,2,2,True,
2,Example_Files/Y.v19.txt,2745,15,25,13,24,32,True,True,13,2,2,True,
2,Example_Files/Y.v19.txt,2757,15,26,13,22,24,True,True,13,2,2,True,
2,Example_Files/Y.v19.txt,2768,15,25,13,27,33,True,True,13,2,2,True,
2,Example_Files/Y.v19.txt,2788,15,26,13,22,25,True,True,13,2,2,True,
2,Example_Files/Y.v19.txt,2798,15,26,13,25,28,True,True,13,2,2,True,
2,Example_Files/Y.v19.txt,2853,15,27,13,25,28,True,True,13,2,2,True,
2,Example_Files/Y.v19.txt,2911,15,25,13,27,31,True,True,13,2,2,True,
2,Example_Files/Y.v19.txt,2913,15,27,13,21,23,True,True,13,2,2,True,
2,Example_Files/Y.v19.txt,2974,15,28,13,24,27,True,True,13,2,2,True,
2,Example_Files/Y.v19.txt,2982,15,25,13,21,23,True,True,13,2,2,True,
2,Example_Files/Y.v19.txt,2994,15,28,13,21,22,True,True,13,2,2,True,
2,Example_Files/Y.v19.txt,3000,15,25,13,19,22,True,True,13,2,2,True,
2,Example_Files/Y.v19.txt,3028,15,28,13,27,30,True,True,13,2,2,True,
2,Example_Files/Y.v19.txt,3042,15,26,13,23,26,True,True,13,2,2,True,
2,Example_Files/Y.v19.txt,3043,15,26,13,24,26,True,True,13,2,2,True,
2,Example_Files/Y.v19.txt,3056,15,28,13,26,27,True,True,13,2,2,True,
2,Example_Files/Y.v19.txt,3098,15,25,13,25,28,True,True,13,2,2,True,
2,Example_Files/Y.v19.txt,3105,15,25,13,20,23,True,True,13,2,2,True,
2,Example_Files/Y.v19.txt,3106,15,25,13,19,22,True,True,13,2,2,True,
1,Example_Files/Y.v19.txt,3113,15,25,14,23,26,True,True,14,1,1,True,1.0
2,Example_Files/Y.v19.txt,3120,15,26,13,22,25,True,True,13,2,2,True,
2,Example_Files/Y.v19.txt,3163,15,25,13,21,25,True,True,13,2,2,True,
2,Example_Files/Y.v19.txt,3197,15,26,13,22,24,True,True,13,2,2,True,
2,Example_Files/Y.v19.txt,3214,15,26,13,25,29,True,True,13,2,2,True,
2,Example_Files/Y.v19.txt,3303,15,26,13,25,29,True,True,13,2,2,True,
2,Example_Files/Y.v19.txt,3309,15,26,13,22,24,True,True,13,2,2,True,
2,Example_Files/Y.v19.txt,3316,15,25,13,23,28,True,True,13,2,2,True,
2,Example_Files/Y.v19.txt,3322,15,26,13,25,28,True,True,13,2,2,True,
2,Example_Files/Y.v19.txt,3341,15,26,13,24,28,True,True,13,2,2,True,
2,Example_Files/Y.v19.txt,3394,15,27,13,20,22,True,True,13,2,2,True,
2,Example_Files/Y.v19.txt,3400,15,25,13,21,23,True,True,13,2,2,True,
2,Example_Files/Y.v19.txt,3405,15,26,13,22,24,True,True,13,2,2,True,
2,Example_Files/Y.v19.txt,3449,15,26,13,25,29,True,True,13,2,2,True,
2,Example_Files/Y.v19.txt,3468,15,26,13,25,29,True,True,13,2,2,True,
2,Example_Files/Y.v19.txt,3476,15,26,13,21,25,True,True,13,2,2,True,
2,Example_Files/Y.v19.txt,3487,15,26,13,21,23,True,True,13,2,2,True,
2,Example_Files/Y.v19.txt,3525,15,26,13,21,23,True,True,13,2,2,True,
2,Example_Files/Y.v19.txt,3561,15,26,13,22,24,True,True,13,2,2,True,
2,Example_Files/Y.v19.txt,3598,15,26,13,23,29,True,True,13,2,2,True,
2,Example_Files/Y.v19.txt,3600,15,26,13,21,25,True,True,13,2,2,True,
2,Example_Files/Y.v19.txt,3605,15,26,13,20,25,True,True,13,2,2,True,
2,Example_Files/Y.v19.txt,3664,15,27,13,21,22,True,True,13,2,2,True,
2,Example_Files/Y.v19.txt,3704,15,26,13,20,22,True,True,13,2,2,True,
2,Example_Files/Y.v19.txt,3729,15,27,13,22,26,True,True,13,2,2,True,
2,Example_Files/Y.v19.txt,3752,15,28,13,26,30,True,True,13,2,2,True,
2,Example_Files/Y.v19.txt,3767,15,28,13,21,24,True,True,13,2,2,True,
2,Example_Files/Y.v19.txt,3769,15,28,13,21,23,True,True,13,2,2,True,
2,Example_Files/Y.v19.txt,3778,15,26,13,23,26,True,True,13,2,2,True,
2,Example_Files/Y.v19.txt,3791,15,25,13,21,24,True,True,13,2,2,True,
2,Example_Files/Y.v19.txt,3862,15,28,13,22,24,True,True,13,2,2,True,
2,Example_Files/Y.v19.txt,3863,15,27,13,20,22,True,True,13,2,2,True,
2,Example_Files/Y.v19.txt,3901,15,26,13,21,25,True,True,13,2,2,True,
2,Example_Files/Y.v19.txt,3949,15,27,13,19,26,True,True,13,2,2,True,
2,Example_Files/Y.v19.txt,3955,15,29,13,18,20,True,True,13,2,2,True,
2,Example_Files/Y.v19.txt,3988,15,23,13,24,28,True,True,13,2,2,True,
2,Example_Files/Y.v19.txt,4004,15,38,13,20,24,True,True,13,2,2,True,
2,Example_Files/Y.v19.txt,4088,15,25,13,22,25,True,True,13,2,2,True,
2,Example_Files/Y.v19.txt,4419,15,35,13,20,24,True,True,13,2,2,True,
2,Example_Files/Y.v19.txt,4494,15,35,13,19,22,True,True,13,2,2,True,
2,Example_Files/Y.v19.txt,4517,15,35,13,20,22,True,True,13,2,2,True,
2,Example_Files/Y.v19.txt,4563,15,37,13,22,24,True,True,13,2,2,True,
2,Example_Files/Y.v19.txt,4677,15,36,13,23,29,True,True,13,2,2,True,
2,Example_Files/Y.v19.txt,4726,15,31,13,22,25,True,True,13,2,2,True,
2,Example_Files/Y.v19.txt,4783,15,35,13,19,24,True,True,13,2,2,True,
2,Example_Files/Y.v19.txt,4793,15,33,13,21,26,True,True,13,2,2,True,
2,Example_Files/Y.v19.txt,4820,15,33,13,24,30,True,True,13,2,2,True,
2,Example_Files/Y.v19.txt,4949,15,33,13,20,24,True,True,13,2,2,True,
2,Example_Files/Y.v19.txt,4950,15,33,13,19,25,True,True,13,2,2,True,
2,Example_Files/Y.v19.txt,5187,15,28,13,22,24,True,True,13,2,2,True,
2,Example_Files/Y.v19.txt,5258,15,24,13,20,23,True,True,13,2,2,True,
2,Example_Files/Y.v19.txt,5272,15,28,13,24,24,True,True,13,2,2,True,
2,Example_Files/Y.v19.txt,5273,15,24,13,20,24,True,True,13,2,2,True,
2,Example_Files/Y.v19.txt,5285,15,29,13,22,25,True,True,13,2,2,True,
2,Example_Files/Y.v19.txt,5357,15,28,13,23,24,True,True,13,2,2,True,
2,Example_Files/Y.v19.txt,5392,15,29,13,22,24,True,True,13,2,2,True,
2,Example_Files/Y.v19.txt,5423,15,26,13,24,30,True,True,13,2,2,True,
2,Example_Files/Y.v19.txt,5434,15,28,13,24,29,True,True,13,2,2,True,
2,Example_Files/Y.v19.txt,5437,15,26,13,26,32,True,True,13,2,2,True,
2,Example_Files/Y.v19.txt,5441,15,29,13,23,25,True,True,13,2,2,True,
2,Example_Files/Y.v19.txt,5449,15,27,13,22,23,True,True,13,2,2,True,
2,Example_Files/Y.v19.txt,5465,15,29,13,21,24,True,True,13,2,2,True,
2,Example_Files/Y.v19.txt,5511,15,29,13,25,25,True,True,13,2,2,True,
2,Example_Files/Y.v19.txt,5571,15,27,13,22,22,True,True,13,2,2,True,
2,Example_Files/Y.v19.txt,5582,15,28,13,22,24,True,True,13,2,2,True,
2,Example_Files/Y.v19.txt,5597,15,27,13,25,30,True,True,13,2,2,True,
2,Example_Files/Y.v19.txt,5627,15,29,13,22,24,True,True,13,2,2,True,
2,Example_Files/Y.v19.txt,5672,15,31,13,25,27,True,True,13,2,2,True,
2,Example_Files/Y.v19.txt,5717,15,28,13,23,27,True,True,13,2,2,True,
2,Example_Files/Y.v19.txt,5734,15,31,13,21,22,True,True,13,2,2,True,
2,Example_Files/Y.v19.txt,5738,15,25,13,19,20,True,True,13,2,2,True,
2,Example_Files/Y.v19.txt,5763,15,28,13,25,27,True,True,13,2,2,True,
2,Example_Files/Y.v19.txt,5779,15,27,13,22,26,True,True,13,2,2,True,
2,Example_Files/Y.v19.txt,5791,15,25,13,19,21,True,True,13,2,2,True,
2,Example_Files/Y.v19.txt,5807,15,25,13,18,20,True,True,13,2,2,True,
2,Example_Files/Y.v19.txt,5810,15,29,13,21,24,True,True,13,2,2,True,
2,Example_Files/Y.v19.txt,5827,15,29,13,25,28,True,True,13,2,2,True,
2,Example_Files/Y.v19.txt,5831,15,26,13,21,24,True,True,13,2,2,True,
1,Example_Files/Y.v19.txt,5882,15,25,14,19,21,True,True,14,1,1,True,1.0
2,Example_Files/Y.v19.txt,5885,15,25,13,19,22,True,True,13,2,2,True,
2,Example_Files/Y.v19.txt,5975,15,26,13,22,24,True,True,13,2,2,True,
2,Example_Files/Y.v19.txt,6106,15,26,13,23,26,True,True,13,2,2,True,
2,Example_Files/Y.v19.txt,6107,15,27,13,25,28,True,True,13,2,2,True,
2,Example_Files/Y.v19.txt,6125,15,27,13,24,28,True,True,13,2,2,True,
2,Example_Files/Y.v19.txt,6142,15,26,13,20,24,True,True,13,2,2,True,
2,Example_Files/Y.v19.txt,6190,15,26,13,22,25,True,True,13,2,2,True,
2,Example_Files/Y.v19.txt,6193,15,25,13,20,22,True,True,13,2,2,True,
2,Example_Files/Y.v19.txt,6235,15,26,13,21,25,True,True,13,2,2,True,
2,Example_Files/Y.v19.txt,6307,15,26,13,21,24,True,True,13,2,2,True,
2,Example_Files/Y.v19.txt,6350,15,25,13,20,23,True,True,13,2,2,True,
2,Example_Files/Y.v19.txt,6366,15,26,13,23,27,True,True,13,2,2,True,
2,Example_Files/Y.v19.txt,6375,15,26,13,23,28,True,True,13,2,2,True,
2,Example_Files/Y.v19.txt,6386,15,26,13,22,25,True,True,13,2,2,True,
2,Example_Files/Y.v19.txt,6413,15,26,13,21,23,True,True,13,2,2,True,
2,Example_Files/Y.v19.txt,6446,15,29,13,22,24,True,True,13,2,2,True,
2,Example_Files/Y.v19.txt,6449,15,28,13,23,24,True,True,13,2,2,True,
2,Example_Files/Y.v19.txt,6465,15,28,13,23,24,True,True,13,2,2,True,
2,Example_Files/Y.v19.txt,6492,15,25,13,26,32,True,True,13,2,2,True,
2,Example_Files/Y.v19.txt,6502,15,28,13,23,27,True,True,13,2,2,True,
2,Example_Files/Y.v19.txt,6524,15,29,13,24,28,True,True,13,2,2,True,
2,Example_Files/Y.v19.txt,6574,15,28,13,22,24,True,True,13,2,2,True,
2,Example_Files/Y.v19.txt,6589,15,28,13,25,27,True,True,13,2,2,True,
2,Example_Files/Y.v19.txt,6590,15,28,13,22,24,True,True,13,2,2,True,
2,Example_Files/Y.v19.txt,6608,15,27,13,27,30,True,True,13,2,2,True,
2,Example_Files/Y.v19.txt,6629,15,26,13,24,26,True,True,13,2,2,True,
2,Example_Files/Y.v19.txt,6711,15,26,13,24,27,True,True,13,2,2,True,
2,Example_Files/Y.v19.txt,6826,15,28,13,22,24,True,True,13,2,2,True,
2,Example_Files/Y.v19.txt,6862,15,25,13,27,32,True,True,13,2,2,True,
2,Example_Files/Y.v19.txt,6897,15,28,13,21,24,True,True,13,2,2,True,
2,Example_Files/Y.v19.txt,6905,15,24,13,22,25,True,True,13,2,2,True,
2,Example_Files/Y.v19.txt,6914,15,27,13,25,28,True,True,13,2,2,True,
2,Example_Files/Y.v19.txt,6918,15,24,13,21,25,True,True,13,2,2,True,
2,Example_Files/Y.v19.txt,6927,17,28,15,34,40,True,True,15,2,2,True,
2,Example_Files/Y.v19.txt,6928,15,25,13,22,28,True,True,13,2,2,True,
2,Example_Files/Y.v19.txt,6937,17,25,15,34,41,True,True,15,2,2,True,
2,Example_Files/Y.v19.txt,6941,15,24,13,21,25,True,True,13,2,2,True,
2,Example_Files/Y.v19.txt,6965,15,28,13,25,27,True,True,13,2,2,True,
2,Example_Files/Y.v19.txt,6970,15,25,13,24,26,True,True,13,2,2,True,
2,Example_Files/Y.v19.txt,6991,15,25,13,19,22,True,True,13,2,2,True,
2,Example_Files/Y.v19.txt,7010,15,26,13,19,23,True,True,13,2,2,True,
2,Example_Files/Y.v19.txt,7027,15,27,13,20,22,True,True,13,2,2,True,
2,Example_Files/Y.v19.txt,7035,15,28,13,25,30,True,True,13,2,2,True,
2,Example_Files/Y.v19.txt,7058,15,26,13,25,28,True,True,13,2,2,True,
2,Example_Files/Y.v19.txt,7077,15,31,13,27,32,True,True,13,2,2,True,
2,Example_Files/Y.v19.txt,7110,15,27,13,20,22,True,True,13,2,2,True,
2,Example_Files/Y.v19.txt,7112,15,27,13,23,27,True,True,13,2,2,True,
2,Example_Files/Y.v19.txt,7122,15,28,13,24,27,True,True,13,2,2,True,
2,Example_Files/Y.v19.txt,7137,15,28,13,25,32,True,True,13,2,2,True,
2,Example_Files/Y.v19.txt,7141,15,28,13,27,32,True,True,13,2,2,True,
2,Example_Files/Y.v19.txt,7144,15,27,13,22,27,True,True,13,2,2,True,
2,Example_Files/Y.v19.txt,7148,15,31,13,22,25,True,True,13,2,2,True,
2,Example_Files/Y.v19.txt,7165,15,24,13,20,24,True,True,13,2,2,True,
2,Example_Files/Y.v19.txt,7202,15,26,13,22,25,True,True,13,2,2,True,
2,Example_Files/Y.v19.txt,7254,15,38,13,25,27,True,True,13,2,2,True,
2,Example_Files/Y.v19.txt,7258,15,30,13,20,23,True,True,13,2,2,True,
2,Example_Files/Y.v19.txt,7300,15,33,13,22,25,True,True,13,2,2,True,
2,Example_Files/Y.v19.txt,7326,15,35,13,23,24,True,True,13,2,2,True,
2,Example_Files/Y.v19.txt,7384,15,33,13,26,28,True,True,13,2,2,True,
2,Example_Files/Y.v19.txt,7400,15,35,13,26,28,True,True,13,2,2,True,
2,Example_Files/Y.v19.txt,7418,15,30,13,21,23,True,True,13,2,2,True,
2,Example_Files/Y.v19.txt,7572,15,35,13,23,24,True,True,13,2,2,True,
2,Example_Files/Y.v19.txt,7573,15,29,13,21,24,True,True,13,2,2,True,
2,Example_Files/Y.v19.txt,7587,15,29,13,22,24,True,True,13,2,2,True,
2,Example_Files/Y.v19.txt,7588,15,28,13,22,24,True,True,13,2,2,True,
2,Example_Files/Y.v19.txt,7676,15,32,13,20,21,True,True,13,2,2,True,
2,Example_Files/Y.v19.txt,7711,15,30,13,24,28,True,True,13,2,2,True,
2,Example_Files/Y.v19.txt,7770,15,31,13,21,22,True,True,13,2,2,True,
2,Example_Files/Y.v19.txt,7829,15,29,13,18,21,True,True,13,2,2,True,
2,Example_Files/Y.v19.txt,7849,15,30,13,20,23,True,True,13,2,2,True,
2,Example_Files/Y.v19.txt,7866,15,28,13,17,21,True,True,13,2,2,True,
2,Example_Files/Y.v19.txt,7906,15,25,13,19,24,True,True,13,2,2,True,
2,Example_Files/Y.v19.txt,8067,15,28,13,21,26,True,True,13,2,2,True,
2,Example_Files/Y.v19.txt,8114,15,24,13,20,22,True,True,13,2,2,True,
2,Example_Files/Y.v19.txt,8128,15,26,13,21,24,True,True,13,2,2,True,
2,Example_Files/Y.v19.txt,8141,15,29,13,23,25,True,True,13,2,2,True,
2,Example_Files/Y.v19.txt,8144,15,29,13,21,21,True,True,13,2,2,True,
2,Example_Files/Y.v19.txt,8164,15,26,13,24,27,True,True,13,2,2,True,
2,Example_Files/Y.v19.txt,8173,16,24,14,23,28,True,True,14,2,2,True,
2,Example_Files/Y.v19.txt,8285,15,28,13,26,27,True,True,13,2,2,True,
2,Example_Files/Y.v19.txt,8293,15,31,13,27,32,True,True,13,2,2,True,
2,Example_Files/Y.v19.txt,8321,15,29,13,21,21,True,True,13,2,2,True,
2,Example_Files/Y.v19.txt,8345,15,28,13,23,27,True,True,13,2,2,True,
2,Example_Files/Y.v19.txt,8374,15,26,13,22,25,True,True,13,2,2,True,
2,Example_Files/Y.v19.txt,8440,15,29,13,25,30,True,True,13,2,2,True,
2,Example_Files/Y.v19.txt,8498,15,26,13,22,24,True,True,13,2,2,True,
2,Example_Files/Y.v19.txt,8515,15,29,13,23,23,True,True,13,2,2,True,
2,Example_Files/Y.v19.txt,8517,15,29,13,22,23,True,True,13,2,2,True,
2,Example_Files/Y.v19.txt,8526,15,28,13,26,29,True,True,13,2,2,True,
2,Example_Files/Y.v19.txt,8549,15,28,13,25,30,True,True,13,2,2,True,
2,Example_Files/Y.v19.txt,8561,15,29,13,26,32,True,True,13,2,2,True,
2,Example_Files/Y.v19.txt,8581,15,26,13,25,29,True,True,13,2,2,True,
2,Example_Files/Y.v19.txt,8582,16,24,14,26,29,True,True,14,2,2,True,
2,Example_Files/Y.v19.txt,8589,16,24,14,27,30,True,True,14,2,2,True,
2,Example_Files/Y.v19.txt,8593,15,29,13,24,30,True,True,13,2,2,True,
1,Example_Files/Y.v19.txt,8647,15,25,14,22,26,True,True,14,1,1,True,1.0
2,Example_Files/Y.v19.txt,8663,15,28,13,24,30,True,True,13,2,2,True,
2,Example_Files/Y.v19.txt,8670,15,27,13,24,28,True,True,13,2,2,True,
2,Example_Files/Y.v19.txt,8676,15,27,13,24,28,True,True,13,2,2,True,
2,Example_Files/Y.v19.txt,8679,15,25,13,21,24,True,True,13,2,2,True,
2,Example_Files/Y.v19.txt,8688,15,27,13,24,28,True,True,13,2,2,True,
2,Example_Files/Y.v19.txt,8689,15,26,13,24,28,True,True,13,2,2,True,
2,Example_Files/Y.v19.txt,8691,15,29,13,27,30,True,True,13,2,2,True,
2,Example_Files/Y.v19.txt,8692,17,24,15,29,30,True,True,15,2,2,True,
2,Example_Files/Y.v19.txt,8694,15,28,13,20,22,True,True,13,2,2,True,
2,Example_Files/Y.v19.txt,8699,15,26,13,21,25,True,True,13,2,2,True,
2,Example_Files/Y.v19.txt,8700,15,28,13,27,29,True,True,13,2,2,True,
2,Example_Files/Y.v19.txt,8706,16,24,14,25,27,True,True,14,2,2,True,
2,Example_Files/Y.v19.txt,8711,17,24,15,26,29,True,True,15,2,2,True,
2,Example_Files/Y.v19.txt,8717,15,26,13,18,19,True,True,13,2,2,True,
2,Example_Files/Y.v19.txt,8727,15,26,13,22,24,True,True,13,2,2,True,
2,Example_Files/Y.v19.txt,8730,15,27,13,23,27,True,True,13,2,2,True,
2,Example_Files/Y.v19.txt,8763,15,26,13,23,23,True,True,13,2,2,True,
2,Example_Files/Y.v19.txt,8765,15,26,13,24,30,True,True,13,2,2,True,
2,Example_Files/Y.v19.txt,8771,15,28,13,25,27,True,True,13,2,2,True,
2,Example_Files/Y.v19.txt,8795,15,26,13,21,24,True,True,13,2,2,True,
2,Example_Files/Y.v19.txt,8827,15,28,13,22,24,True,True,13,2,2,True,
2,Example_Files/Y.v19.txt,8874,15,25,13,27,32,True,True,13,2,2,True,
2,Example_Files/Y.v19.txt,8937,15,28,13,21,24,True,True,13,2,2,True,
2,Example_Files/Y.v19.txt,8940,15,28,13,21,24,True,True,13,2,2,True,
2,Example_Files/Y.v19.txt,9102,15,26,13,23,25,True,True,13,2,2,True,
2,Example_Files/Y.v19.txt,9292,15,38,13,21,24,True,True,13,2,2,True,
2,Example_Files/Y.v19.txt,9327,15,38,13,19,21,True,True,13,2,2,True,
2,Example_Files/Y.v19.txt,9415,15,36,13,24,29,True,True,13,2,2,True,
2,Example_Files/Y.v19.txt,9485,15,35,13,18,22,True,True,13,2,2,True,
2,Example_Files/Y.v19.txt,9546,15,35,13,21,24,True,True,13,2,2,True,
2,Example_Files/Y.v19.txt,9665,15,33,13,21,24,True,True,13,2,2,True,
2,Example_Files/Y.v19.txt,9711,15,33,13,24,26,True,True,13,2,2,True,
2,Example_Files/Y.v19.txt,9818,15,28,13,26,30,True,True,13,2,2,True,
2,Example_Files/Y.v19.txt,9863,15,31,13,21,22,True,True,13,2,2,True,
2,Example_Files/Y.v19.txt,9884,15,26,13,24,30,True,True,13,2,2,True,
2,Example_Files/Y.v19.txt,9971,15,27,13,21,22,True,True,13,2,2,True,
2,Example_Files/Y.v19.txt,10011,15,26,13,22,24,True,True,13,2,2,True,
2,Example_Files/Y.v19.txt,10025,15,25,13,19,20,True,True,13,2,2,True,
2,Example_Files/Y.v19.txt,10033,15,26,13,25,28,True,True,13,2,2,True,
2,Example_Files/Y.v19.txt,10034,15,26,13,24,28,True,True,13,2,2,True,
2,Example_Files/Y.v19.txt,10038,15,26,13,24,28,True,True,13,2,2,True,
2,Example_Files/Y.v19.txt,10065,15,24,13,24,28,True,True,13,2,2,True,
2,Example_Files/Y.v19.txt,10118,15,33,13,23,26,True,True,13,2,2,True,
2,Example_Files/Y.v19.txt,10157,15,29,13,25,30,True,True,13,2,2,True,
2,Example_Files/Y.v19.txt,10193,15,29,13,22,24,True,True,13,2,2,True,
2,Example_Files/Y.v19.txt,10208,15,26,13,24,28,True,True,13,2,2,True,
2,Example_Files/Y.v19.txt,10228,15,29,13,22,25,True,True,13,2,2,True,
2,Example_Files/Y.v19.txt,10292,15,26,13,21,24,True,True,13,2,2,True,
2,Example_Files/Y.v19.txt,10322,15,31,13,21,22,True,True,13,2,2,True,
2,Example_Files/Y.v19.txt,10370,15,27,13,21,22,True,True,13,2,2,True,
2,Example_Files/Y.v19.txt,10376,15,27,13,20,23,True,True,13,2,2,True,
2,Example_Files/Y.v19.txt,10394,15,25,13,22,28,True,True,13,2,2,True,
2,Example_Files/Y.v19.txt,10434,15,31,13,22,25,True,True,13,2,2,True,
2,Example_Files/Y.v19.txt,10503,15,28,13,26,27,True,True,13,2,2,True,
2,Example_Files/Y.v19.txt,10505,15,28,13,25,27,True,True,13,2,2,True,
2,Example_Files/Y.v19.txt,10510,15,27,13,19,22,True,True,13,2,2,True,
2,Example_Files/Y.v19.txt,10524,15,27,13,21,26,True,True,13,2,2,True,
2,Example_Files/Y.v19.txt,10547,15,28,13,25,27,True,True,13,2,2,True,
2,Example_Files/Y.v19.txt,10576,15,26,13,21,24,True,True,13,2,2,True,
2,Example_Files/Y.v19.txt,10590,15,26,13,21,24,True,True,13,2,2,True,
2,Example_Files/Y.v19.txt,10623,15,25,13,20,23,True,True,13,2,2,True,
2,Example_Files/Y.v19.txt,10670,15,29,13,24,30,True,True,13,2,2,True,
2,Example_Files/Y.v19.txt,10699,15,25,13,25,31,True,True,13,2,2,True,
2,Example_Files/Y.v19.txt,10709,15,27,13,19,23,True,True,13,2,2,True,
2,Example_Files/Y.v19.txt,10722,16,30,14,26,32,True,True,14,2,2,True,
2,Example_Files/Y.v19.txt,10734,15,26,13,25,28,True,True,13,2,2,True,
2,Example_Files/Y.v19.txt,10737,15,25,13,26,32,True,True,13,2,2,True,
2,Example_Files/Y.v19.txt,10738,19,27,17,32,34,True,True,17,2,2,True,
2,Example_Files/Y.v19.txt,10783,15,25,13,29,33,True,True,13,2,2,True,
2,Example_Files/Y.v19.txt,10785,16,24,14,26,32,True,True,14,2,2,True,
2,Example_Files/Y.v19.txt,10796,15,24,13,20,24,True,True,13,2,2,True,
2,Example_Files/Y.v19.txt,10802,15,25,13,21,22,True,True,13,2,2,True,
2,Example_Files/Y.v19.txt,10803,15,25,13,26,30,True,True,13,2,2,True,
2,Example_Files/Y.v19.txt,10808,16,26,14,20,23,True,True,14,2,2,True,
2,Example_Files/Y.v19.txt,10811,15,26,13,28,30,True,True,13,2,2,True,
2,Example_Files/Y.v19.txt,10847,15,25,13,19,22,True,True,13,2,2,True,
2,Example_Files/Y.v19.txt,10849,16,24,14,23,28,True,True,14,2,2,True,
2,Example_Files/Y.v19.txt,10858,15,25,13,18,22,True,True,13,2,2,True,
1,Example_Files/Y.v19.txt,10861,15,25,14,26,30,True,True,14,1,1,True,1.0
2,Example_Files/Y.v19.txt,10863,16,23,14,23,31,True,True,14,2,2,True,
2,Example_Files/Y.v19.txt,10938,15,34,13,21,25,True,True,13,2,2,True,
1,Example_Files/Y.v19.txt,10958,15,25,14,24,30,True,True,14,1,1,True,1.0
2,Example_Files/Y.v19.txt,10967,15,28,13,19,23,True,True,13,2,2,True,
2,Example_Files/Y.v19.txt,10980,15,26,13,23,27,True,True,13,2,2,True,
2,Example_Files/Y.v19.txt,10986,15,27,13,23,28,True,True,13,2,2,True,
2,Example_Files/Y.v19.txt,11010,15,25,13,25,32,True,True,13,2,2,True,
2,Example_Files/Y.v19.txt,11015,15,25,13,20,23,True,True,13,2,2,True,
2,Example_Files/Y.v19.txt,11023,15,27,13,24,28,True,True,13,2,2,True,
2,Example_Files/Y.v19.txt,11041,15,31,13,25,28,True,True,13,2,2,True,
2,Example_Files/Y.v19.txt,11093,15,27,13,19,27,True,True,13,2,2,True,
1,Example_Files/Y.v20.txt,15,16,24,15,24,26,True,True,15,1,1,True,1.0
1,Example_Files/Y.v20.txt,17,16,25,15,21,21,True,True,15,1,1,True,1.0
2,Example_Files/Y.v20.txt,23,16,26,14,23,26,True,True,14,2,2,True,
2,Example_Files/Y.v20.txt,42,16,26,14,23,25,True,True,14,2,2,True,
2,Example_Files/Y.v20.txt,43,16,26,14,24,26,True,True,14,2,2,True,
2,Example_Files/Y.v20.txt,60,16,24,14,23,25,True,True,14,2,2,True,
2,Example_Files/Y.v20.txt,61,16,25,14,22,23,True,True,14,2,2,True,
2,Example_Files/Y.v20.txt,87,16,25,14,23,24,True,True,14,2,2,True,
2,Example_Files/Y.v20.txt,93,16,25,14,22,23,True,True,14,2,2,True,
2,Example_Files/Y.v20.txt,94,16,26,14,26,29,True,True,14,2,2,True,
2,Example_Files/Y.v20.txt,113,16,24,14,21,23,True,True,14,2,2,True,
2,Example_Files/Y.v20.txt,198,16,26,14,28,28,True,True,14,2,2,True,
2,Example_Files/Y.v20.txt,223,16,26,14,23,25,True,True,14,2,2,True,
2,Example_Files/Y.v20.txt,234,16,28,14,25,28,True,True,14,2,2,True,
2,Example_Files/Y.v20.txt,247,16,27,14,29,31,True,True,14,2,2,True,
2,Example_Files/Y.v20.txt,259,16,26,14,23,24,True,True,14,2,2,True,
2,Example_Files/Y.v20.txt,298,16,24,14,23,26,True,True,14,2,2,True,
2,Example_Files/Y.v20.txt,322,16,24,14,22,24,True,True,14,2,2,True,
2,Example_Files/Y.v20.txt,343,16,25,14,29,32,True,True,14,2,2,True,
1,Example_Files/Y.v20.txt,352,16,25,15,21,21,True,True,15,1,1,True,1.0
2,Example_Files/Y.v20.txt,355,16,24,14,19,21,True,True,14,2,2,True,
2,Example_Files/Y.v20.txt,382,16,36,14,25,30,True,True,14,2,2,True,
2,Example_Files/Y.v20.txt,385,16,34,14,23,26,True,True,14,2,2,True,
2,Example_Files/Y.v20.txt,390,16,36,14,23,27,True,True,14,2,2,True,
2,Example_Files/Y.v20.txt,395,16,36,14,21,24,True,True,14,2,2,True,
2,Example_Files/Y.v20.txt,428,16,33,14,24,27,True,True,14,2,2,True,
2,Example_Files/Y.v20.txt,517,16,31,14,23,25,True,True,14,2,2,True,
2,Example_Files/Y.v20.txt,709,16,26,14,22,23,True,True,14,2,2,True,
2,Example_Files/Y.v20.txt,732,16,25,14,21,22,True,True,14,2,2,True,
2,Example_Files/Y.v20.txt,762,16,24,14,25,29,True,True,14,2,2,True,
2,Example_Files/Y.v20.txt,914,16,25,14,23,24,True,True,14,2,2,True,
2,Example_Files/Y.v20.txt,938,16,26,14,26,29,True,True,14,2,2,True,
2,Example_Files/Y.v20.txt,990,16,25,14,22,24,True,True,14,2,2,True,
2,Example_Files/Y.v20.txt,1002,16,26,14,23,24,True,True,14,2,2,True,
2,Example_Files/Y.v20.txt,1039,16,26,14,23,24,True,True,14,2,2,True,
2,Example_Files/Y.v20.txt,1069,16,24,14,24,26,True,True,14,2,2,True,
2,Example_Files/Y.v20.txt,1083,16,26,14,28,30,True,True,14,2,2,True,
2,Example_Files/Y.v20.txt,1093,16,24,14,21,23,True,True,14,2,2,True,
2,Example_Files/Y.v20.txt,1103,16,24,14,25,28,True,True,14,2,2,True,
2,Example_Files/Y.v20.txt,1114,16,24,14,22,24,True,True,14,2,2,True,
2,Example_Files/Y.v20.txt,1122,16,26,14,25,26,True,True,14,2,2,True,
2,Example_Files/Y.v20.txt,1142,16,25,14,30,33,True,True,14,2,2,True,
2,Example_Files/Y.v20.txt,1145,16,26,14,20,20,True,True,14,2,2,True,
2,Example_Files/Y.v20.txt,1146,16,26,14,26,26,True,True,14,2,2,True,
2,Example_Files/Y.v20.txt,1149,16,28,14,27,31,True,True,14,2,2,True,
2,Example_Files/Y.v20.txt,1210,16,24,14,26,28,True,True,14,2,2,True,
2,Example_Files/Y.v20.txt,1217,16,24,14,24,25,True,True,14,2,2,True,
2,Example_Files/Y.v20.txt,1261,16,24,14,24,26,True,True,14,2,2,True,
2,Example_Files/Y.v20.txt,1264,16,24,14,23,26,True,True,14,2,2,True,
1,Example_Files/Y.v20.txt,1268,16,25,15,28,31,True,True,15,1,1,True,1.0
1,Example_Files/Y.v20.txt,1278,16,24,15,24,26,True,True,15,1,1,True,1.0
1,Example_Files/Y.v20.txt,1295,16,25,15,22,22,True,True,15,1,1,True,1.0
2,Example_Files/Y.v20.txt,1296,16,25,14,28,33,True,True,14,2,2,True,
2,Example_Files/Y.v20.txt,1308,16,24,14,22,25,True,True,14,2,2,True,
2,Example_Files/Y.v20.txt,1332,16,22,14,19,21,True,True,14,2,2,True,
2,Example_Files/Y.v20.txt,1336,16,28,14,24,24,True,True,14,2,2,True,
2,Example_Files/Y.v20.txt,1337,16,28,14,23,23,True,True,14,2,2,True,
2,Example_Files/Y.v20.txt,1356,16,26,14,23,26,True,True,14,2,2,True,
2,Example_Files/Y.v20.txt,1359,16,27,14,23,23,True,True,14,2,2,True,
2,Example_Files/Y.v20.txt,1384,16,27,14,27,28,True,True,14,2,2,True,
2,Example_Files/Y.v20.txt,1391,16,28,14,29,33,True,True,14,2,2,True,
2,Example_Files/Y.v20.txt,1423,16,27,14,28,31,True,True,14,2,2,True,
2,Example_Files/Y.v20.txt,1425,16,26,14,24,25,True,True,14,2,2,True,
1,Example_Files/Y.v20.txt,1454,16,25,15,24,27,True,True,15,1,1,True,1.0
2,Example_Files/Y.v20.txt,1494,16,25,14,23,24,True,True,14,2,2,True,
2,Example_Files/Y.v20.txt,1508,16,24,14,24,24,True,True,14,2,2,True,
2,Example_Files/Y.v20.txt,1515,16,25,14,24,26,True,True,14,2,2,True,
1,Example_Files/Y.v20.txt,1522,16,25,15,26,27,True,True,15,1,1,True,1.0
2,Example_Files/Y.v20.txt,1537,16,25,14,28,30,True,True,14,2,2,True,
2,Example_Files/Y.v20.txt,1574,16,25,14,23,23,True,True,14,2,2,True,
2,Example_Files/Y.v20.txt,1594,16,24,14,23,25,True,True,14,2,2,True,
2,Example_Files/Y.v20.txt,1611,16,28,14,27,28,True,True,14,2,2,True,
2,Example_Files/Y.v20.txt,1633,16,28,14,23,23,True,True,14,2,2,True,
2,Example_Files/Y.v20.txt,1635,16,26,14,25,26,True,True,14,2,2,True,
2,Example_Files/Y.v20.txt,1638,16,26,14,25,26,True,True,14,2,2,True,
2,Example_Files/Y.v20.txt,1655,16,24,14,21,24,True,True,14,2,2,True,
2,Example_Files/Y.v20.txt,1679,16,24,14,25,28,True,True,14,2,2,True,
2,Example_Files/Y.v20.txt,1724,16,19,14,19,21,True,True,14,2,2,True,
2,Example_Files/Y.v20.txt,1741,16,24,14,21,24,True,True,14,2,2,True,
2,Example_Files/Y.v20.txt,1786,16,25,14,28,30,True,True,14,2,2,True,
2,Example_Files/Y.v20.txt,1822,16,26,14,23,25,True,True,14,2,2,True,
2,Example_Files/Y.v20.txt,1871,16,24,14,23,26,True,True,14,2,2,True,
2,Example_Files/Y.v20.txt,1874,16,24,14,24,27,True,True,14,2,2,True,
2,Example_Files/Y.v20.txt,1915,16,24,14,23,28,True,True,14,2,2,True,
2,Example_Files/Y.v20.txt,1919,16,24,14,25,29,True,True,14,2,2,True,
2,Example_Files/Y.v20.txt,1925,16,28,14,28,30,True,True,14,2,2,True,
2,Example_Files/Y.v20.txt,1941,16,22,14,20,24,True,True,14,2,2,True,
2,Example_Files/Y.v20.txt,1950,16,25,14,24,26,True,True,14,2,2,True,
2,Example_Files/Y.v20.txt,1985,16,27,14,18,19,True,True,14,2,2,True,
2,Example_Files/Y.v20.txt,1994,16,24,14,23,28,True,True,14,2,2,True,
2,Example_Files/Y.v20.txt,1997,16,24,14,25,29,True,True,14,2,2,True,
2,Example_Files/Y.v20.txt,2005,16,24,14,22,28,True,True,14,2,2,True,
2,Example_Files/Y.v20.txt,2119,16,25,14,27,29,True,True,14,2,2,True,
2,Example_Files/Y.v20.txt,2122,16,24,14,24,28,True,True,14,2,2,True,
1,Example_Files/Y.v20.txt,2128,16,24,15,24,26,True,True,15,1,1,True,1.0
2,Example_Files/Y.v20.txt,2134,16,24,14,24,27,True,True,14,2,2,True,
2,Example_Files/Y.v20.txt,2161,16,24,14,19,22,True,True,14,2,2,True,
2,Example_Files/Y.v20.txt,2182,16,24,14,21,24,True,True,14,2,2,True,
2,Example_Files/Y.v20.txt,2186,24,16,22,36,36,True,True,22,2,2,True,
2,Example_Files/Y.v20.txt,2189,16,24,14,20,22,True,True,14,2,2,True,
2,Example_Files/Y.v20.txt,2195,16,25,14,22,24,True,True,14,2,2,True,
1,Example_Files/Y.v20.txt,2214,16,25,15,27,31,True,True,15,1,1,True,1.0
2,Example_Files/Y.v20.txt,2215,16,23,14,26,30,True,True,14,2,2,True,
2,Example_Files/Y.v20.txt,2219,16,25,14,26,29,True,True,14,2,2,True,
2,Example_Files/Y.v20.txt,2223,16,26,14,22,25,True,True,14,2,2,True,
2,Example_Files/Y.v20.txt,2229,16,25,14,20,24,True,True,14,2,2,True,
2,Example_Files/Y.v20.txt,2231,26,16,24,60,60,True,True,24,2,2,True,
2,Example_Files/Y.v20.txt,2253,16,24,14,22,23,True,True,14,2,2,True,
2,Example_Files/Y.v20.txt,2259,16,26,14,24,24,True,True,14,2,2,True,
2,Example_Files/Y.v20.txt,2261,16,25,14,22,23,True,True,14,2,2,True,
1,Example_Files/Y.v20.txt,2315,16,25,15,21,21,True,True,15,1,1,True,1.0
2,Example_Files/Y.v20.txt,2317,16,26,14,23,26,True,True,14,2,2,True,
2,Example_Files/Y.v20.txt,2319,16,27,14,28,29,True,True,14,2,2,True,
2,Example_Files/Y.v20.txt,2389,16,25,14,24,28,True,True,14,2,2,True,
2,Example_Files/Y.v20.txt,2429,16,27,14,26,29,True,True,14,2,2,True,
2,Example_Files/Y.v20.txt,2431,16,26,14,23,25,True,True,14,2,2,True,
2,Example_Files/Y.v20.txt,2437,16,26,14,23,25,True,True,14,2,2,True,
2,Example_Files/Y.v20.txt,2796,16,32,14,23,26,True,True,14,2,2,True,
2,Example_Files/Y.v20.txt,2890,16,32,14,22,25,True,True,14,2,2,True,
2,Example_Files/Y.v20.txt,3009,16,33,14,25,31,True,True,14,2,2,True,
2,Example_Files/Y.v20.txt,3032,16,33,14,26,31,True,True,14,2,2,True,
2,Example_Files/Y.v20.txt,3098,16,32,14,22,26,True,True,14,2,2,True,
2,Example_Files/Y.v20.txt,3152,16,27,14,27,31,True,True,14,2,2,True,
2,Example_Files/Y.v20.txt,3214,16,25,14,24,26,True,True,14,2,2,True,
2,Example_Files/Y.v20.txt,3261,16,26,14,29,30,True,True,14,2,2,True,
2,Example_Files/Y.v20.txt,3284,16,28,14,24,25,True,True,14,2,2,True,
1,Example_Files/Y.v20.txt,3292,16,25,15,25,31,True,True,15,1,1,True,1.0
2,Example_Files/Y.v20.txt,3296,16,25,14,28,30,True,True,14,2,2,True,
2,Example_Files/Y.v20.txt,3333,16,25,14,21,23,True,True,14,2,2,True,
2,Example_Files/Y.v20.txt,3335,16,29,14,25,26,True,True,14,2,2,True,
2,Example_Files/Y.v20.txt,3371,16,28,14,23,23,True,True,14,2,2,True,
2,Example_Files/Y.v20.txt,3409,16,25,14,26,29,True,True,14,2,2,True,
2,Example_Files/Y.v20.txt,3421,16,26,14,26,28,True,True,14,2,2,True,
2,Example_Files/Y.v20.txt,3431,16,24,14,24,28,True,True,14,2,2,True,
2,Example_Files/Y.v20.txt,3497,16,29,14,25,26,True,True,14,2,2,True,
2,Example_Files/Y.v20.txt,3599,16,26,14,27,30,True,True,14,2,2,True,
2,Example_Files/Y.v20.txt,3613,16,24,14,24,29,True,True,14,2,2,True,
2,Example_Files/Y.v20.txt,3632,16,24,14,20,22,True,True,14,2,2,True,
2,Example_Files/Y.v20.txt,3643,16,26,14,26,27,True,True,14,2,2,True,
2,Example_Files/Y.v20.txt,3658,16,25,14,19,22,True,True,14,2,2,True,
2,Example_Files/Y.v20.txt,3671,16,25,14,22,25,True,True,14,2,2,True,
2,Example_Files/Y.v20.txt,3680,16,26,14,23,26,True,True,14,2,2,True,
2,Example_Files/Y.v20.txt,3683,16,25,14,23,26,True,True,14,2,2,True,
2,Example_Files/Y.v20.txt,3753,16,24,14,23,28,True,True,14,2,2,True,
2,Example_Files/Y.v20.txt,3754,16,24,14,20,26,True,True,14,2,2,True,
2,Example_Files/Y.v20.txt,3789,16,26,14,26,27,True,True,14,2,2,True,
2,Example_Files/Y.v20.txt,3796,16,24,14,25,29,True,True,14,2,2,True,
2,Example_Files/Y.v20.txt,3801,16,26,14,26,29,True,True,14,2,2,True,
2,Example_Files/Y.v20.txt,3811,16,24,14,21,24,True,True,14,2,2,True,
2,Example_Files/Y.v20.txt,3819,16,26,14,27,30,True,True,14,2,2,True,
2,Example_Files/Y.v20.txt,3873,16,25,14,27,30,True,True,14,2,2,True,
1,Example_Files/Y.v20.txt,3874,16,25,15,28,31,True,True,15,1,1,True,1.0
2,Example_Files/Y.v20.txt,3885,16,24,14,23,25,True,True,14,2,2,True,
2,Example_Files/Y.v20.txt,3901,16,27,14,23,23,True,True,14,2,2,True,
2,Example_Files/Y.v20.txt,3905,16,27,14,27,31,True,True,14,2,2,True,
2,Example_Files/Y.v20.txt,3906,16,28,14,24,24,True,True,14,2,2,True,
2,Example_Files/Y.v20.txt,3918,16,27,14,22,23,True,True,14,2,2,True,
2,Example_Files/Y.v20.txt,3925,16,27,14,28,31,True,True,14,2,2,True,
2,Example_Files/Y.v20.txt,3960,16,24,14,23,24,True,True,14,2,2,True,
2,Example_Files/Y.v20.txt,3961,16,24,14,22,23,True,True,14,2,2,True,
2,Example_Files/Y.v20.txt,3970,16,25,14,29,33,True,True,14,2,2,True,
2,Example_Files/Y.v20.txt,4003,16,27,14,28,29,True,True,14,2,2,True,
2,Example_Files/Y.v20.txt,4015,16,26,14,24,25,True,True,14,2,2,True,
2,Example_Files/Y.v20.txt,4051,17,22,15,21,27,True,True,15,2,2,True,
2,Example_Files/Y.v20.txt,4055,16,23,14,27,32,True,True,14,2,2,True,
2,Example_Files/Y.v20.txt,4073,16,26,14,24,26,True,True,14,2,2,True,
2,Example_Files/Y.v20.txt,4077,16,25,14,28,33,True,True,14,2,2,True,
2,Example_Files/Y.v20.txt,4079,17,31,15,24,30,True,True,15,2,2,True,
2,Example_Files/Y.v20.txt,4087,16,27,14,25,29,True,True,14,2,2,True,
2,Example_Files/Y.v20.txt,4089,16,23,14,26,29,True,True,14,2,2,True,
2,Example_Files/Y.v20.txt,4090,16,26,14,26,30,True,True,14,2,2,True,
2,Example_Files/Y.v20.txt,4093,16,26,14,25,28,True,True,14,2,2,True,
2,Example_Files/Y.v20.txt,4104,16,26,14,29,31,True,True,14,2,2,True,
2,Example_Files/Y.v20.txt,4105,16,26,14,27,31,True,True,14,2,2,True,
2,Example_Files/Y.v20.txt,4107,16,29,14,27,31,True,True,14,2,2,True,
2,Example_Files/Y.v20.txt,4125,16,25,14,21,23,True,True,14,2,2,True,
2,Example_Files/Y.v20.txt,4134,16,26,14,26,27,True,True,14,2,2,True,
2,Example_Files/Y.v20.txt,4135,16,24,14,21,24,True,True,14,2,2,True,
2,Example_Files/Y.v20.txt,4154,16,28,14,23,24,True,True,14,2,2,True,
2,Example_Files/Y.v20.txt,4171,16,26,14,26,29,True,True,14,2,2,True,
2,Example_Files/Y.v20.txt,4199,16,26,14,26,29,True,True,14,2,2,True,
2,Example_Files/Y.v20.txt,4245,16,24,14,24,26,True,True,14,2,2,True,
1,Example_Files/Y.v20.txt,4283,24,16,23,36,36,True,True,23,1,1,True,1.0
2,Example_Files/Y.v20.txt,4312,16,25,14,26,29,True,True,14,2,2,True,
2,Example_Files/Y.v20.txt,4317,17,21,15,27,32,True,True,15,2,2,True,
2,Example_Files/Y.v20.txt,4323,16,27,14,25,27,True,True,14,2,2,True,
2,Example_Files/Y.v20.txt,4324,19,21,17,35,40,True,True,17,2,2,True,
1,Example_Files/Y.v20.txt,4328,16,23,15,22,25,True,True,15,1,1,True,1.0
2,Example_Files/Y.v20.txt,4337,16,33,14,24,27,True,True,14,2,2,True,
2,Example_Files/Y.v20.txt,4352,16,24,14,24,26,True,True,14,2,2,True,
2,Example_Files/Y.v20.txt,4388,16,33,14,30,32,True,True,14,2,2,True,
2,Example_Files/Y.v20.txt,4483,16,27,14,26,29,True,True,14,2,2,True,
2,Example_Files/Y.v20.txt,4510,16,27,14,25,29,True,True,14,2,2,True,
2,Example_Files/Y.v20.txt,4527,16,30,14,29,34,True,True,14,2,2,True,
2,Example_Files/Y.v20.txt,4578,16,30,14,21,22,True,True,14,2,2,True,
2,Example_Files/Y.v20.txt,4607,16,28,14,24,27,True,True,14,2,2,True,
2,Example_Files/Y.v20.txt,4637,16,27,14,27,32,True,True,14,2,2,True,
2,Example_Files/Y.v20.txt,4638,16,28,14,24,27,True,True,14,2,2,True,
2,Example_Files/Y.v20.txt,4645,16,27,14,23,23,True,True,14,2,2,True,
2,Example_Files/Y.v20.txt,4684,16,28,14,17,18,True,True,14,2,2,True,
1,Example_Files/Y.v20.txt,4703,16,25,15,27,31,True,True,15,1,1,True,1.0
2,Example_Files/Y.v20.txt,4704,16,23,14,26,30,True,True,14,2,2,True,
2,Example_Files/Y.v20.txt,4711,16,26,14,25,26,True,True,14,2,2,True,
2,Example_Files/Y.v20.txt,4717,16,24,14,23,25,True,True,14,2,2,True,
2,Example_Files/Y.v20.txt,4754,16,24,14,21,26,True,True,14,2,2,True,
2,Example_Files/Y.v20.txt,4772,16,26,14,26,28,True,True,14,2,2,True,
2,Example_Files/Y.v20.txt,4806,16,28,14,24,25,True,True,14,2,2,True,
2,Example_Files/Y.v20.txt,4925,16,26,14,25,28,True,True,14,2,2,True,
2,Example_Files/Y.v20.txt,4926,16,26,14,23,26,True,True,14,2,2,True,
2,Example_Files/Y.v20.txt,4930,16,26,14,24,26,True,True,14,2,2,True,
2,Example_Files/Y.v20.txt,4954,16,26,14,27,29,True,True,14,2,2,True,
2,Example_Files/Y.v20.txt,4966,16,29,14,24,26,True,True,14,2,2,True,
2,Example_Files/Y.v20.txt,5042,16,26,14,25,27,True,True,14,2,2,True,
2,Example_Files/Y.v20.txt,5046,16,28,14,28,30,True,True,14,2,2,True,
2,Example_Files/Y.v20.txt,5055,16,27,14,23,23,True,True,14,2,2,True,
2,Example_Files/Y.v20.txt,5077,16,26,14,24,25,True,True,14,2,2,True,
2,Example_Files/Y.v20.txt,5080,18,21,16,29,33,True,True,16,2,2,True,
2,Example_Files/Y.v20.txt,5115,18,22,16,32,38,True,True,16,2,2,True,
2,Example_Files/Y.v20.txt,5124,16,24,14,21,24,True,True,14,2,2,True,
1,Example_Files/Y.v20.txt,5131,24,16,23,36,36,True,True,23,1,1,True,1.0
2,Example_Files/Y.v20.txt,5166,16,23,14,27,31,True,True,14,2,2,True,
2,Example_Files/Y.v20.txt,5177,16,25,14,23,25,True,True,14,2,2,True,
2,Example_Files/Y.v20.txt,5182,16,26,14,23,24,True,True,14,2,2,True,
1,Example_Files/Y.v20.txt,5206,16,25,15,27,27,True,True,15,1,1,True,1.0
2,Example_Files/Y.v20.txt,5210,16,26,14,26,29,True,True,14,2,2,True,
2,Example_Files/Y.v20.txt,5214,16,25,14,28,33,True,True,14,2,2,True,
2,Example_Files/Y.v20.txt,5218,16,26,14,25,26,True,True,14,2,2,True,
2,Example_Files/Y.v20.txt,5219,16,26,14,26,29,True,True,14,2,2,True,
2,Example_Files/Y.v20.txt,5231,16,26,14,26,28,True,True,14,2,2,True,
1,Example_Files/Y.v20.txt,5234,16,25,15,26,27,True,True,15,1,1,True,1.0
2,Example_Files/Y.v20.txt,5243,16,26,14,25,26,True,True,14,2,2,True,
2,Example_Files/Y.v20.txt,5277,16,25,14,23,23,True,True,14,2,2,True,
2,Example_Files/Y.v20.txt,5290,16,28,14,25,28,True,True,14,2,2,True,
2,Example_Files/Y.v20.txt,5302,16,26,14,25,26,True,True,14,2,2,True,
2,Example_Files/Y.v20.txt,5387,16,25,14,25,29,True,True,14,2,2,True,
2,Example_Files/Y.v20.txt,5391,16,24,14,21,24,True,True,14,2,2,True,
2,Example_Files/Y.v20.txt,5658,16,33,14,23,26,True,True,14,2,2,True,
2,Example_Files/Y.v20.txt,5660,16,32,14,23,25,True,True,14,2,2,True,
2,Example_Files/Y.v20.txt,5663,16,35,14,23,25,True,True,14,2,2,True,
2,Example_Files/Y.v20.txt,5675,16,33,14,23,25,True,True,14,2,2,True,
2,Example_Files/Y.v20.txt,5698,16,33,14,26,27,True,True,14,2,2,True,
2,Example_Files/Y.v20.txt,5700,16,30,14,27,29,True,True,14,2,2,True,
2,Example_Files/Y.v20.txt,5776,16,28,14,29,31,True,True,14,2,2,True,
2,Example_Files/Y.v20.txt,5777,16,25,14,22,23,True,True,14,2,2,True,
2,Example_Files/Y.v20.txt,5811,16,25,14,25,29,True,True,14,2,2,True,
2,Example_Files/Y.v20.txt,5816,16,26,14,24,27,True,True,14,2,2,True,
2,Example_Files/Y.v20.txt,5836,16,27,14,22,23,True,True,14,2,2,True,
2,Example_Files/Y.v20.txt,5851,16,28,14,26,28,True,True,14,2,2,True,
2,Example_Files/Y.v20.txt,5869,16,28,14,23,23,True,True,14,2,2,True,
2,Example_Files/Y.v20.txt,5914,16,26,14,23,26,True,True,14,2,2,True,
2,Example_Files/Y.v20.txt,5930,16,23,14,26,30,True,True,14,2,2,True,
1,Example_Files/Y.v20.txt,5946,16,25,15,24,27,True,True,15,1,1,True,1.0
2,Example_Files/Y.v20.txt,5953,16,24,14,25,28,True,True,14,2,2,True,
2,Example_Files/Y.v20.txt,5954,16,26,14,26,27,True,True,14,2,2,True,
2,Example_Files/Y.v20.txt,5956,16,26,14,24,28,True,True,14,2,2,True,
2,Example_Files/Y.v20.txt,5965,16,25,14,27,33,True,True,14,2,2,True,
2,Example_Files/Y.v20.txt,5976,16,24,14,24,25,True,True,14,2,2,True,
2,Example_Files/Y.v20.txt,5981,16,24,14,24,28,True,True,14,2,2,True,
2,Example_Files/Y.v20.txt,5989,16,26,14,23,24,True,True,14,2,2,True,
2,Example_Files/Y.v20.txt,5997,16,23,14,26,30,True,True,14,2,2,True,
2,Example_Files/Y.v20.txt,6015,16,25,14,24,29,True,True,14,2,2,True,
2,Example_Files/Y.v20.txt,6031,16,26,14,26,29,True,True,14,2,2,True,
2,Example_Files/Y.v20.txt,6059,16,24,14,24,28,True,True,14,2,2,True,
2,Example_Files/Y.v20.txt,6061,16,25,14,29,34,True,True,14,2,2,True,
2,Example_Files/Y.v20.txt,6062,16,24,14,21,26,True,True,14,2,2,True,
2,Example_Files/Y.v20.txt,6072,16,24,14,22,24,True,True,14,2,2,True,
1,Example_Files/Y.v20.txt,6082,16,25,15,27,31,True,True,15,1,1,True,1.0
2,Example_Files/Y.v20.txt,6092,16,26,14,21,22,True,True,14,2,2,True,
2,Example_Files/Y.v20.txt,6103,16,31,14,28,28,True,True,14,2,2,True,
2,Example_Files/Y.v20.txt,6113,16,26,14,23,25,True,True,14,2,2,True,
2,Example_Files/Y.v20.txt,6120,16,26,14,26,29,True,True,14,2,2,True,
2,Example_Files/Y.v20.txt,6170,16,25,14,21,23,True,True,14,2,2,True,
2,Example_Files/Y.v20.txt,6208,16,24,14,24,24,True,True,14,2,2,True,
2,Example_Files/Y.v20.txt,6213,16,24,14,22,23,True,True,14,2,2,True,
2,Example_Files/Y.v20.txt,6221,16,25,14,30,34,True,True,14,2,2,True,
2,Example_Files/Y.v20.txt,6245,16,29,14,26,30,True,True,14,2,2,True,
2,Example_Files/Y.v20.txt,6246,17,30,15,28,33,True,True,15,2,2,True,
2,Example_Files/Y.v20.txt,6248,16,27,14,26,29,True,True,14,2,2,True,
2,Example_Files/Y.v20.txt,6249,16,27,14,28,34,True,True,14,2,2,True,
2,Example_Files/Y.v20.txt,6287,16,25,14,25,29,True,True,14,2,2,True,
2,Example_Files/Y.v20.txt,6305,16,23,14,26,30,True,True,14,2,2,True,
2,Example_Files/Y.v20.txt,6310,16,24,14,24,28,True,True,14,2,2,True,
2,Example_Files/Y.v20.txt,6317,16,24,14,23,25,True,True,14,2,2,True,
2,Example_Files/Y.v20.txt,6320,16,28,14,26,31,True,True,14,2,2,True,
2,Example_Files/Y.v20.txt,6338,16,25,14,25,29,True,True,14,2,2,True,
2,Example_Files/Y.v20.txt,6351,16,24,14,31,38,True,True,14,2,2,True,
2,Example_Files/Y.v20.txt,6352,16,23,14,23,27,True,True,14,2,2,True,
2,Example_Files/Y.v20.txt,6356,16,24,14,22,23,True,True,14,2,2,True,
2,Example_Files/Y.v20.txt,6371,16,24,14,25,26,True,True,14,2,2,True,
2,Example_Files/Y.v20.txt,6376,16,24,14,25,28,True,True,14,2,2,True,
2,Example_Files/Y.v20.txt,6383,16,28,14,28,31,True,True,14,2,2,True,
2,Example_Files/Y.v20.txt,6386,16,24,14,25,28,True,True,14,2,2,True,
1,Example_Files/Y.v20.txt,6409,16,25,15,25,31,True,True,15,1,1,True,1.0
2,Example_Files/Y.v20.txt,6413,16,24,14,23,28,True,True,14,2,2,True,
2,Example_Files/Y.v20.txt,6452,16,26,14,25,26,True,True,14,2,2,True,
2,Example_Files/Y.v20.txt,6456,16,25,14,30,34,True,True,14,2,2,True,
2,Example_Files/Y.v20.txt,6463,16,24,14,23,25,True,True,14,2,2,True,
2,Example_Files/Y.v20.txt,6476,16,25,14,27,32,True,True,14,2,2,True,
1,Example_Files/Y.v20.txt,6493,16,24,15,23,26,True,True,15,1,1,True,1.0
1,Example_Files/Y.v20.txt,6500,16,24,15,24,26,True,True,15,1,1,True,1.0
1,Example_Files/Y.v21.txt,6,17,24,16,27,27,True,True,16,1,1,True,1.0
2,Example_Files/Y.v21.txt,13,18,21,16,25,29,True,True,16,2,2,True,
2,Example_Files/Y.v21.txt,15,17,24,15,23,24,True,True,15,2,2,True,
2,Example_Files/Y.v21.txt,18,17,26,15,27,27,True,True,15,2,2,True,
2,Example_Files/Y.v21.txt,20,17,24,15,25,26,True,True,15,2,2,True,
2,Example_Files/Y.v21.txt,54,17,24,15,23,25,True,True,15,2,2,True,
2,Example_Files/Y.v21.txt,56,17,25,15,26,27,True,True,15,2,2,True,
2,Example_Files/Y.v21.txt,65,17,25,15,23,24,True,True,15,2,2,True,
1,Example_Files/Y.v21.txt,77,17,25,16,26,28,True,True,16,1,1,True,1.0
1,Example_Files/Y.v21.txt,87,17,24,16,27,27,True,True,16,1,1,True,1.0
2,Example_Files/Y.v21.txt,89,17,24,15,25,25,True,True,15,2,2,True,
1,Example_Files/Y.v21.txt,91,17,24,16,27,27,True,True,16,1,1,True,1.0
2,Example_Files/Y.v21.txt,92,17,25,15,26,26,True,True,15,2,2,True,
2,Example_Files/Y.v21.txt,96,17,25,15,24,24,True,True,15,2,2,True,
2,Example_Files/Y.v21.txt,114,17,24,15,23,25,True,True,15,2,2,True,
1,Example_Files/Y.v21.txt,120,17,23,16,22,23,True,True,16,1,1,True,1.0
2,Example_Files/Y.v21.txt,172,17,23,15,27,29,True,True,15,2,2,True,
1,Example_Files/Y.v21.txt,186,23,17,22,36,36,True,True,22,1,1,True,1.0
2,Example_Files/Y.v21.txt,197,17,24,15,25,27,True,True,15,2,2,True,
2,Example_Files/Y.v21.txt,198,17,23,15,31,34,True,True,15,2,2,True,
2,Example_Files/Y.v21.txt,206,17,23,15,26,26,True,True,15,2,2,True,
2,Example_Files/Y.v21.txt,216,20,20,18,34,37,True,True,18,2,2,True,
1,Example_Files/Y.v21.txt,221,23,17,22,38,38,True,True,22,1,1,True,1.0
2,Example_Files/Y.v21.txt,239,17,33,15,28,32,True,True,15,2,2,True,
2,Example_Files/Y.v21.txt,244,17,33,15,26,28,True,True,15,2,2,True,
2,Example_Files/Y.v21.txt,334,17,30,15,28,31,True,True,15,2,2,True,
2,Example_Files/Y.v21.txt,358,17,31,15,23,26,True,True,15,2,2,True,
2,Example_Files/Y.v21.txt,430,17,27,15,30,33,True,True,15,2,2,True,
2,Example_Files/Y.v21.txt,489,17,27,15,21,24,True,True,15,2,2,True,
2,Example_Files/Y.v21.txt,528,17,25,15,20,24,True,True,15,2,2,True,
2,Example_Files/Y.v21.txt,544,17,25,15,29,33,True,True,15,2,2,True,
2,Example_Files/Y.v21.txt,575,17,26,15,28,30,True,True,15,2,2,True,
2,Example_Files/Y.v21.txt,580,17,25,15,28,30,True,True,15,2,2,True,
2,Example_Files/Y.v21.txt,583,17,26,15,28,28,True,True,15,2,2,True,
2,Example_Files/Y.v21.txt,584,17,26,15,29,30,True,True,15,2,2,True,
2,Example_Files/Y.v21.txt,646,17,22,15,24,26,True,True,15,2,2,True,
2,Example_Files/Y.v21.txt,659,17,24,15,24,26,True,True,15,2,2,True,
2,Example_Files/Y.v21.txt,698,17,23,15,25,27,True,True,15,2,2,True,
2,Example_Files/Y.v21.txt,710,17,24,15,27,29,True,True,15,2,2,True,
2,Example_Files/Y.v21.txt,715,17,23,15,26,29,True,True,15,2,2,True,
2,Example_Files/Y.v21.txt,718,17,25,15,25,25,True,True,15,2,2,True,
1,Example_Files/Y.v21.txt,724,17,23,16,24,25,True,True,16,1,1,True,1.0
2,Example_Files/Y.v21.txt,743,17,24,15,25,27,True,True,15,2,2,True,
2,Example_Files/Y.v21.txt,754,17,24,15,28,29,True,True,15,2,2,True,
2,Example_Files/Y.v21.txt,765,17,25,15,25,27,True,True,15,2,2,True,
2,Example_Files/Y.v21.txt,811,17,26,15,27,27,True,True,15,2,2,True,
2,Example_Files/Y.v21.txt,835,17,28,15,29,29,True,True,15,2,2,True,
2,Example_Files/Y.v21.txt,842,17,29,15,27,27,True,True,15,2,2,True,
1,Example_Files/Y.v21.txt,845,17,25,16,23,23,True,True,16,1,1,True,1.0
2,Example_Files/Y.v21.txt,959,17,23,15,24,27,True,True,15,2,2,True,
2,Example_Files/Y.v21.txt,974,17,23,15,26,28,True,True,15,2,2,True,
2,Example_Files/Y.v21.txt,982,17,24,15,25,27,True,True,15,2,2,True,
2,Example_Files/Y.v21.txt,983,17,23,15,30,34,True,True,15,2,2,True,
2,Example_Files/Y.v21.txt,994,17,23,15,27,29,True,True,15,2,2,True,
2,Example_Files/Y.v21.txt,1018,22,19,20,48,50,True,True,20,2,2,True,
2,Example_Files/Y.v21.txt,1040,17,25,15,31,34,True,True,15,2,2,True,
2,Example_Files/Y.v21.txt,1054,17,25,15,24,24,True,True,15,2,2,True,
2,Example_Files/Y.v21.txt,1095,17,23,15,26,28,True,True,15,2,2,True,
2,Example_Files/Y.v21.txt,1114,17,24,15,26,29,True,True,15,2,2,True,
1,Example_Files/Y.v21.txt,1149,17,24,16,26,27,True,True,16,1,1,True,1.0
2,Example_Files/Y.v21.txt,1150,17,23,15,25,28,True,True,15,2,2,True,
2,Example_Files/Y.v21.txt,1159,17,23,15,29,31,True,True,15,2,2,True,
1,Example_Files/Y.v21.txt,1165,17,23,16,25,25,True,True,16,1,1,True,1.0
1,Example_Files/Y.v21.txt,1167,17,23,16,24,25,True,True,16,1,1,True,1.0
1,Example_Files/Y.v21.txt,1188,17,23,16,26,29,True,True,16,1,1,True,1.0
2,Example_Files/Y.v21.txt,1212,21,19,19,36,38,True,True,19,2,2,True,
2,Example_Files/Y.v21.txt,1219,17,23,15,26,30,True,True,15,2,2,True,
2,Example_Files/Y.v21.txt,1223,17,23,15,25,29,True,True,15,2,2,True,
1,Example_Files/Y.v21.txt,1249,17,23,16,27,29,True,True,16,1,1,True,1.0
2,Example_Files/Y.v21.txt,1270,17,23,15,24,27,True,True,15,2,2,True,
2,Example_Files/Y.v21.txt,1271,17,23,15,21,22,True,True,15,2,2,True,
2,Example_Files/Y.v21.txt,1277,17,25,15,24,24,True,True,15,2,2,True,
2,Example_Files/Y.v21.txt,1278,17,23,15,20,22,True,True,15,2,2,True,
2,Example_Files/Y.v21.txt,1302,24,17,22,50,50,True,True,22,2,2,True,
1,Example_Files/Y.v21.txt,1330,17,23,16,27,29,True,True,16,1,1,True,1.0
2,Example_Files/Y.v21.txt,1347,17,24,15,26,29,True,True,15,2,2,True,
2,Example_Files/Y.v21.txt,1348,17,24,15,26,29,True,True,15,2,2,True,
2,Example_Files/Y.v21.txt,1365,17,24,15,26,27,True,True,15,2,2,True,
2,Example_Files/Y.v21.txt,1370,17,23,15,30,35,True,True,15,2,2,True,
2,Example_Files/Y.v21.txt,1390,17,23,15,25,27,True,True,15,2,2,True,
2,Example_Files/Y.v21.txt,1412,17,24,15,27,30,True,True,15,2,2,True,
2,Example_Files/Y.v21.txt,1421,17,25,15,29,31,True,True,15,2,2,True,
1,Example_Files/Y.v21.txt,1427,17,23,16,25,29,True,True,16,1,1,True,1.0
2,Example_Files/Y.v21.txt,1444,17,32,15,25,27,True,True,15,2,2,True,
2,Example_Files/Y.v21.txt,1458,17,33,15,20,20,True,True,15,2,2,True,
2,Example_Files/Y.v21.txt,1489,17,33,15,24,25,True,True,15,2,2,True,
2,Example_Files/Y.v21.txt,1498,17,33,15,26,32,True,True,15,2,2,True,
2,Example_Files/Y.v21.txt,1701,17,31,15,25,27,True,True,15,2,2,True,
2,Example_Files/Y.v21.txt,1704,17,31,15,24,26,True,True,15,2,2,True,
1,Example_Files/Y.v21.txt,1890,17,25,16,22,22,True,True,16,1,1,True,1.0
1,Example_Files/Y.v21.txt,1897,17,25,16,27,28,True,True,16,1,1,True,1.0
2,Example_Files/Y.v21.txt,1898,17,26,15,28,28,True,True,15,2,2,True,
1,Example_Files/Y.v21.txt,1908,17,23,16,22,24,True,True,16,1,1,True,1.0
1,Example_Files/Y.v21.txt,1913,17,24,16,25,27,True,True,16,1,1,True,1.0
2,Example_Files/Y.v21.txt,1946,17,25,15,30,34,True,True,15,2,2,True,
2,Example_Files/Y.v21.txt,1983,17,25,15,29,31,True,True,15,2,2,True,
2,Example_Files/Y.v21.txt,1992,17,26,15,27,27,True,True,15,2,2,True,
2,Example_Files/Y.v21.txt,2014,17,28,15,31,32,True,True,15,2,2,True,
1,Example_Files/Y.v21.txt,2050,17,23,16,25,29,True,True,16,1,1,True,1.0
1,Example_Files/Y.v21.txt,2052,17,23,16,25,29,True,True,16,1,1,True,1.0
1,Example_Files/Y.v21.txt,2054,17,23,16,25,29,True,True,16,1,1,True,1.0
2,Example_Files/Y.v21.txt,2055,17,23,15,30,35,True,True,15,2,2,True,
2,Example_Files/Y.v21.txt,2061,17,23,15,26,31,True,True,15,2,2,True,
2,Example_Files/Y.v21.txt,2063,17,23,15,24,27,True,True,15,2,2,True,
2,Example_Files/Y.v21.txt,2070,17,22,15,25,27,True,True,15,2,2,True,
2,Example_Files/Y.v21.txt,2082,17,25,15,31,35,True,True,15,2,2,True,
2,Example_Files/Y.v21.txt,2100,17,23,15,25,26,True,True,15,2,2,True,
2,Example_Files/Y.v21.txt,2105,17,22,15,23,26,True,True,15,2,2,True,
1,Example_Files/Y.v21.txt,2112,17,23,16,27,29,True,True,16,1,1,True,1.0
2,Example_Files/Y.v21.txt,2133,17,26,15,27,28,True,True,15,2,2,True,
1,Example_Files/Y.v21.txt,2136,17,25,16,28,28,True,True,16,1,1,True,1.0
2,Example_Files/Y.v21.txt,2154,17,25,15,28,30,True,True,15,2,2,True,
2,Example_Files/Y.v21.txt,2198,17,27,15,27,32,True,True,15,2,2,True,
1,Example_Files/Y.v21.txt,2200,17,24,16,24,24,True,True,16,1,1,True,1.0
2,Example_Files/Y.v21.txt,2208,18,22,16,33,38,True,True,16,2,2,True,
2,Example_Files/Y.v21.txt,2210,18,25,16,35,36,True,True,16,2,2,True,
2,Example_Files/Y.v21.txt,2211,19,22,17,35,39,True,True,17,2,2,True,
2,Example_Files/Y.v21.txt,2212,18,23,16,30,33,True,True,16,2,2,True,
2,Example_Files/Y.v21.txt,2213,17,23,15,30,33,True,True,15,2,2,True,
2,Example_Files/Y.v21.txt,2232,17,25,15,31,33,True,True,15,2,2,True,
2,Example_Files/Y.v21.txt,2241,17,25,15,22,24,True,True,15,2,2,True,
2,Example_Files/Y.v21.txt,2262,17,28,15,31,31,True,True,15,2,2,True,
2,Example_Files/Y.v21.txt,2279,17,25,15,32,35,True,True,15,2,2,True,
1,Example_Files/Y.v21.txt,2290,17,22,16,22,22,True,True,16,1,1,True,1.0
2,Example_Files/Y.v21.txt,2297,17,25,15,24,24,True,True,15,2,2,True,
2,Example_Files/Y.v21.txt,2298,17,23,15,32,34,True,True,15,2,2,True,
2,Example_Files/Y.v21.txt,2329,17,23,15,29,33,True,True,15,2,2,True,
2,Example_Files/Y.v21.txt,2343,17,26,15,28,29,True,True,15,2,2,True,
2,Example_Files/Y.v21.txt,2346,17,22,15,24,26,True,True,15,2,2,True,
1,Example_Files/Y.v21.txt,2347,17,23,16,22,23,True,True,16,1,1,True,1.0
2,Example_Files/Y.v21.txt,2354,18,22,16,28,30,True,True,16,2,2,True,
2,Example_Files/Y.v21.txt,2364,18,22,16,20,24,True,True,16,2,2,True,
2,Example_Files/Y.v21.txt,2374,17,31,15,23,24,True,True,15,2,2,True,
2,Example_Files/Y.v21.txt,2387,17,30,15,25,27,True,True,15,2,2,True,
2,Example_Files/Y.v21.txt,2452,17,27,15,29,33,True,True,15,2,2,True,
2,Example_Files/Y.v21.txt,2471,17,24,15,23,26,True,True,15,2,2,True,
1,Example_Files/Y.v21.txt,2473,17,25,16,22,23,True,True,16,1,1,True,1.0
2,Example_Files/Y.v21.txt,2484,18,28,16,25,26,True,True,16,2,2,True,
2,Example_Files/Y.v21.txt,2517,17,24,15,20,23,True,True,15,2,2,True,
2,Example_Files/Y.v21.txt,2571,17,23,15,29,33,True,True,15,2,2,True,
1,Example_Files/Y.v21.txt,2574,17,23,16,25,26,True,True,16,1,1,True,1.0
2,Example_Files/Y.v21.txt,2580,17,23,15,25,28,True,True,15,2,2,True,
2,Example_Files/Y.v21.txt,2582,17,25,15,23,24,True,True,15,2,2,True,
2,Example_Files/Y.v21.txt,2585,17,22,15,23,23,True,True,15,2,2,True,
2,Example_Files/Y.v21.txt,2596,17,23,15,28,30,True,True,15,2,2,True,
2,Example_Files/Y.v21.txt,2608,17,24,15,26,27,True,True,15,2,2,True,
2,Example_Files/Y.v21.txt,2621,17,24,15,27,29,True,True,15,2,2,True,
2,Example_Files/Y.v21.txt,2654,17,25,15,25,25,True,True,15,2,2,True,
2,Example_Files/Y.v21.txt,2688,17,23,15,25,27,True,True,15,2,2,True,
2,Example_Files/Y.v21.txt,2695,17,24,15,25,26,True,True,15,2,2,True,
2,Example_Files/Y.v21.txt,2719,17,23,15,30,34,True,True,15,2,2,True,
1,Example_Files/Y.v21.txt,2780,17,23,16,26,29,True,True,16,1,1,True,1.0
2,Example_Files/Y.v21.txt,2793,17,23,15,27,29,True,True,15,2,2,True,
2,Example_Files/Y.v21.txt,2801,18,22,16,37,42,True,True,16,2,2,True,
2,Example_Files/Y.v21.txt,2808,17,23,15,26,29,True,True,15,2,2,True,
2,Example_Files/Y.v21.txt,2809,17,23,15,26,31,True,True,15,2,2,True,
2,Example_Files/Y.v21.txt,2810,17,23,15,24,27,True,True,15,2,2,True,
2,Example_Files/Y.v21.txt,2834,17,24,15,21,21,True,True,15,2,2,True,
2,Example_Files/Y.v21.txt,2835,17,24,15,24,24,True,True,15,2,2,True,
2,Example_Files/Y.v21.txt,2849,17,24,15,25,25,True,True,15,2,2,True,
2,Example_Files/Y.v21.txt,2857,17,25,15,24,26,True,True,15,2,2,True,
1,Example_Files/Y.v21.txt,2858,17,25,16,30,32,True,True,16,1,1,True,1.0
2,Example_Files/Y.v21.txt,2870,17,24,15,25,25,True,True,15,2,2,True,
2,Example_Files/Y.v21.txt,2872,17,24,15,28,28,True,True,15,2,2,True,
2,Example_Files/Y.v21.txt,2875,18,23,16,30,31,True,True,16,2,2,True,
2,Example_Files/Y.v21.txt,2903,17,24,15,24,26,True,True,15,2,2,True,
2,Example_Files/Y.v21.txt,2925,17,23,15,28,32,True,True,15,2,2,True,
2,Example_Files/Y.v21.txt,2929,17,26,15,23,25,True,True,15,2,2,True,
2,Example_Files/Y.v21.txt,2930,17,26,15,25,26,True,True,15,2,2,True,
2,Example_Files/Y.v21.txt,2940,17,26,15,29,31,True,True,15,2,2,True,
2,Example_Files/Y.v21.txt,2986,17,35,15,23,24,True,True,15,2,2,True,
2,Example_Files/Y.v21.txt,3017,17,33,15,22,25,True,True,15,2,2,True,
2,Example_Files/Y.v21.txt,3068,17,32,15,24,26,True,True,15,2,2,True,
2,Example_Files/Y.v21.txt,3104,17,24,15,24,26,True,True,15,2,2,True,
2,Example_Files/Y.v21.txt,3135,17,26,15,29,30,True,True,15,2,2,True,
1,Example_Files/Y.v21.txt,3160,17,23,16,27,29,True,True,16,1,1,True,1.0
2,Example_Files/Y.v21.txt,3166,17,25,15,24,24,True,True,15,2,2,True,
2,Example_Files/Y.v21.txt,3177,17,25,15,31,34,True,True,15,2,2,True,
2,Example_Files/Y.v21.txt,3180,17,26,15,29,30,True,True,15,2,2,True,
2,Example_Files/Y.v21.txt,3181,17,23,15,29,31,True,True,15,2,2,True,
2,Example_Files/Y.v21.txt,3182,17,25,15,29,33,True,True,15,2,2,True,
2,Example_Files/Y.v21.txt,3196,17,24,15,25,27,True,True,15,2,2,True,
2,Example_Files/Y.v21.txt,3211,17,23,15,23,26,True,True,15,2,2,True,
1,Example_Files/Y.v21.txt,3212,17,23,16,26,29,True,True,16,1,1,True,1.0
2,Example_Files/Y.v21.txt,3224,17,23,15,27,31,True,True,15,2,2,True,
2,Example_Files/Y.v21.txt,3225,17,23,15,27,31,True,True,15,2,2,True,
2,Example_Files/Y.v21.txt,3250,17,26,15,29,30,True,True,15,2,2,True,
2,Example_Files/Y.v21.txt,3282,17,23,15,27,31,True,True,15,2,2,True,
2,Example_Files/Y.v21.txt,3286,17,23,15,22,22,True,True,15,2,2,True,
2,Example_Files/Y.v21.txt,3307,17,23,15,30,32,True,True,15,2,2,True,
1,Example_Files/Y.v21.txt,3310,23,17,22,30,30,True,True,22,1,1,True,1.0
2,Example_Files/Y.v21.txt,3326,17,23,15,28,31,True,True,15,2,2,True,
2,Example_Files/Y.v21.txt,3330,17,25,15,26,30,True,True,15,2,2,True,
2,Example_Files/Y.v21.txt,3339,18,30,16,31,34,True,True,16,2,2,True,
2,Example_Files/Y.v21.txt,3340,19,27,17,30,32,True,True,17,2,2,True,
2,Example_Files/Y.v21.txt,3342,17,23,15,28,31,True,True,15,2,2,True,
2,Example_Files/Y.v21.txt,3346,17,25,15,19,24,True,True,15,2,2,True,
1,Example_Files/Y.v21.txt,3374,17,23,16,25,26,True,True,16,1,1,True,1.0
1,Example_Files/Y.v21.txt,3381,17,23,16,25,26,True,True,16,1,1,True,1.0
2,Example_Files/Y.v21.txt,3387,17,23,15,28,31,True,True,15,2,2,True,
2,Example_Files/Y.v21.txt,3392,17,23,15,31,35,True,True,15,2,2,True,
2,Example_Files/Y.v21.txt,3393,17,23,15,31,35,True,True,15,2,2,True,
2,Example_Files/Y.v21.txt,3394,17,23,15,26,29,True,True,15,2,2,True,
1,Example_Files/Y.v21.txt,3396,17,25,16,30,32,True,True,16,1,1,True,1.0
1,Example_Files/Y.v21.txt,3397,17,23,16,24,25,True,True,16,1,1,True,1.0
2,Example_Files/Y.v21.txt,3401,17,23,15,29,31,True,True,15,2,2,True,
2,Example_Files/Y.v21.txt,3409,18,22,16,37,42,True,True,16,2,2,True,
2,Example_Files/Y.v21.txt,3413,17,23,15,28,31,True,True,15,2,2,True,
2,Example_Files/Y.v21.txt,3418,17,23,15,26,27,True,True,15,2,2,True,
2,Example_Files/Y.v21.txt,3423,17,25,15,31,34,True,True,15,2,2,True,
1,Example_Files/Y.v21.txt,3430,17,23,16,27,29,True,True,16,1,1,True,1.0
2,Example_Files/Y.v21.txt,3431,17,23,15,25,27,True,True,15,2,2,True,
2,Example_Files/Y.v21.txt,3434,17,22,15,23,25,True,True,15,2,2,True,
1,Example_Files/Y.v21.txt,3440,17,23,16,25,29,True,True,16,1,1,True,1.0
2,Example_Files/Y.v21.txt,3465,17,23,15,29,31,True,True,15,2,2,True,
2,Example_Files/Y.v21.txt,3474,17,28,15,28,32,True,True,15,2,2,True,
2,Example_Files/Y.v21.txt,3493,17,23,15,28,30,True,True,15,2,2,True,
1,Example_Files/Y.v21.txt,3497,17,23,16,28,29,True,True,16,1,1,True,1.0
2,Example_Files/Y.v21.txt,3503,17,25,15,30,32,True,True,15,2,2,True,
2,Example_Files/Y.v21.txt,3514,17,25,15,19,25,True,True,15,2,2,True,
1,Example_Files/Y.v22.txt,5,18,23,17,30,30,True,True,17,1,1,True,1.0
1,Example_Files/Y.v22.txt,10,18,22,17,28,29,True,True,17,1,1,True,1.0
2,Example_Files/Y.v22.txt,14,19,21,17,32,34,True,True,17,2,2,True,
2,Example_Files/Y.v22.txt,40,18,21,16,28,29,True,True,16,2,2,True,
1,Example_Files/Y.v22.txt,44,18,24,17,28,28,True,True,17,1,1,True,1.0
1,Example_Files/Y.v22.txt,49,18,24,17,28,28,True,True,17,1,1,True,1.0
1,Example_Files/Y.v22.txt,65,18,25,17,31,33,True,True,17,1,1,True,1.0
1,Example_Files/Y.v22.txt,72,18,22,17,29,30,True,True,17,1,1,True,1.0
2,Example_Files/Y.v22.txt,79,18,23,16,32,36,True,True,16,2,2,True,
2,Example_Files/Y.v22.txt,92,18,23,16,29,30,True,True,16,2,2,True,
1,Example_Files/Y.v22.txt,120,22,18,21,39,39,True,True,21,1,1,True,1.0
2,Example_Files/Y.v22.txt,127,22,18,20,34,34,True,True,20,2,2,True,
2,Example_Files/Y.v22.txt,137,19,21,17,27,27,True,True,17,2,2,True,
2,Example_Files/Y.v22.txt,138,18,30,16,29,31,True,True,16,2,2,True,
2,Example_Files/Y.v22.txt,141,18,30,16,27,30,True,True,16,2,2,True,
2,Example_Files/Y.v22.txt,178,18,30,16,29,32,True,True,16,2,2,True,
2,Example_Files/Y.v22.txt,284,18,24,16,26,28,True,True,16,2,2,True,
2,Example_Files/Y.v22.txt,308,18,22,16,27,28,True,True,16,2,2,True,
1,Example_Files/Y.v22.txt,316,18,22,17,26,26,True,True,17,1,1,True,1.0
2,Example_Files/Y.v22.txt,321,18,22,16,25,26,True,True,16,2,2,True,
2,Example_Files/Y.v22.txt,326,19,21,17,32,34,True,True,17,2,2,True,
2,Example_Files/Y.v22.txt,343,18,23,16,27,28,True,True,16,2,2,True,
1,Example_Files/Y.v22.txt,354,22,18,21,35,35,True,True,21,1,1,True,1.0
1,Example_Files/Y.v22.txt,357,18,22,17,25,26,True,True,17,1,1,True,1.0
2,Example_Files/Y.v22.txt,360,18,23,16,34,36,True,True,16,2,2,True,
1,Example_Files/Y.v22.txt,375,19,21,18,25,27,True,True,18,1,1,True,1.0
2,Example_Files/Y.v22.txt,414,18,22,16,22,24,True,True,16,2,2,True,
2,Example_Files/Y.v22.txt,415,19,20,17,34,36,True,True,17,2,2,True,
2,Example_Files/Y.v22.txt,417,18,23,16,29,29,True,True,16,2,2,True,
2,Example_Files/Y.v22.txt,423,18,25,16,34,34,True,True,16,2,2,True,
1,Example_Files/Y.v22.txt,431,18,21,17,26,27,True,True,17,1,1,True,1.0
2,Example_Files/Y.v22.txt,465,18,26,16,30,30,True,True,16,2,2,True,
2,Example_Files/Y.v22.txt,471,20,18,18,32,32,True,True,18,2,2,True,
2,Example_Files/Y.v22.txt,472,18,20,16,26,26,True,True,16,2,2,True,
2,Example_Files/Y.v22.txt,477,18,23,16,25,25,True,True,16,2,2,True,
2,Example_Files/Y.v22.txt,500,18,24,16,25,26,True,True,16,2,2,True,
2,Example_Files/Y.v22.txt,517,18,22,16,29,30,True,True,16,2,2,True,
2,Example_Files/Y.v22.txt,525,19,22,17,39,39,True,True,17,2,2,True,
2,Example_Files/Y.v22.txt,526,18,22,16,25,26,True,True,16,2,2,True,
2,Example_Files/Y.v22.txt,528,18,22,16,26,27,True,True,16,2,2,True,
2,Example_Files/Y.v22.txt,537,18,23,16,33,35,True,True,16,2,2,True,
2,Example_Files/Y.v22.txt,550,18,22,16,33,36,True,True,16,2,2,True,
2,Example_Files/Y.v22.txt,551,18,22,16,28,30,True,True,16,2,2,True,
2,Example_Files/Y.v22.txt,558,22,18,20,41,41,True,True,20,2,2,True,
2,Example_Files/Y.v22.txt,560,20,20,18,33,35,True,True,18,2,2,True,
1,Example_Files/Y.v22.txt,585,18,21,17,27,28,True,True,17,1,1,True,1.0
1,Example_Files/Y.v22.txt,590,18,22,17,25,25,True,True,17,1,1,True,1.0
2,Example_Files/Y.v22.txt,603,21,20,19,41,42,True,True,19,2,2,True,
2,Example_Files/Y.v22.txt,606,22,18,20,41,41,True,True,20,2,2,True,
2,Example_Files/Y.v22.txt,611,18,25,16,34,34,True,True,16,2,2,True,
2,Example_Files/Y.v22.txt,620,18,23,16,33,35,True,True,16,2,2,True,
2,Example_Files/Y.v22.txt,623,18,22,16,26,27,True,True,16,2,2,True,
2,Example_Files/Y.v22.txt,635,18,23,16,32,36,True,True,16,2,2,True,
2,Example_Files/Y.v22.txt,639,18,22,16,25,27,True,True,16,2,2,True,
2,Example_Files/Y.v22.txt,647,18,22,16,30,31,True,True,16,2,2,True,
1,Example_Files/Y.v22.txt,649,18,22,17,28,29,True,True,17,1,1,True,1.0
1,Example_Files/Y.v22.txt,650,18,22,17,28,30,True,True,17,1,1,True,1.0
2,Example_Files/Y.v22.txt,660,18,22,16,30,32,True,True,16,2,2,True,
2,Example_Files/Y.v22.txt,668,18,23,16,29,32,True,True,16,2,2,True,
2,Example_Files/Y.v22.txt,669,20,22,18,41,44,True,True,18,2,2,True,
1,Example_Files/Y.v22.txt,674,19,21,18,25,27,True,True,18,1,1,True,1.0
2,Example_Files/Y.v22.txt,676,18,21,16,25,27,True,True,16,2,2,True,
2,Example_Files/Y.v22.txt,679,18,22,16,34,36,True,True,16,2,2,True,
1,Example_Files/Y.v22.txt,681,18,22,17,29,30,True,True,17,1,1,True,1.0
2,Example_Files/Y.v22.txt,686,18,21,16,27,29,True,True,16,2,2,True,
2,Example_Files/Y.v22.txt,695,22,18,20,28,28,True,True,20,2,2,True,
1,Example_Files/Y.v22.txt,697,22,18,21,35,35,True,True,21,1,1,True,1.0
2,Example_Files/Y.v22.txt,704,20,20,18,36,37,True,True,18,2,2,True,
1,Example_Files/Y.v22.txt,705,22,18,21,34,34,True,True,21,1,1,True,1.0
2,Example_Files/Y.v22.txt,713,20,20,18,39,41,True,True,18,2,2,True,
2,Example_Files/Y.v22.txt,714,20,20,18,37,38,True,True,18,2,2,True,
2,Example_Files/Y.v22.txt,720,18,22,16,33,36,True,True,16,2,2,True,
2,Example_Files/Y.v22.txt,727,22,18,20,40,40,True,True,20,2,2,True,
2,Example_Files/Y.v22.txt,728,18,22,16,28,28,True,True,16,2,2,True,
2,Example_Files/Y.v22.txt,732,18,22,16,34,36,True,True,16,2,2,True,
2,Example_Files/Y.v22.txt,741,18,23,16,28,30,True,True,16,2,2,True,
1,Example_Files/Y.v22.txt,756,22,18,21,34,34,True,True,21,1,1,True,1.0
2,Example_Files/Y.v22.txt,764,18,23,16,29,30,True,True,16,2,2,True,
1,Example_Files/Y.v22.txt,768,18,22,17,29,30,True,True,17,1,1,True,1.0
2,Example_Files/Y.v22.txt,776,18,22,16,27,28,True,True,16,2,2,True,
2,Example_Files/Y.v22.txt,799,18,23,16,30,32,True,True,16,2,2,True,
2,Example_Files/Y.v22.txt,855,18,30,16,25,30,True,True,16,2,2,True,
2,Example_Files/Y.v22.txt,928,18,29,16,26,27,True,True,16,2,2,True,
1,Example_Files/Y.v22.txt,986,18,24,17,28,28,True,True,17,1,1,True,1.0
2,Example_Files/Y.v22.txt,1013,18,23,16,33,35,True,True,16,2,2,True,
2,Example_Files/Y.v22.txt,1021,18,21,16,26,29,True,True,16,2,2,True,
2,Example_Files/Y.v22.txt,1024,18,23,16,31,32,True,True,16,2,2,True,
2,Example_Files/Y.v22.txt,1032,18,22,16,25,27,True,True,16,2,2,True,
1,Example_Files/Y.v22.txt,1035,18,22,17,27,30,True,True,17,1,1,True,1.0
2,Example_Files/Y.v22.txt,1041,18,22,16,26,28,True,True,16,2,2,True,
2,Example_Files/Y.v22.txt,1081,18,23,16,31,32,True,True,16,2,2,True,
1,Example_Files/Y.v22.txt,1085,18,22,17,23,23,True,True,17,1,1,True,1.0
2,Example_Files/Y.v22.txt,1112,18,25,16,34,36,True,True,16,2,2,True,
2,Example_Files/Y.v22.txt,1114,18,21,16,29,30,True,True,16,2,2,True,
2,Example_Files/Y.v22.txt,1131,18,21,16,25,26,True,True,16,2,2,True,
2,Example_Files/Y.v22.txt,1133,18,23,16,25,25,True,True,16,2,2,True,
2,Example_Files/Y.v22.txt,1151,18,23,16,30,32,True,True,16,2,2,True,
2,Example_Files/Y.v22.txt,1163,20,20,18,35,37,True,True,18,2,2,True,
2,Example_Files/Y.v22.txt,1171,18,22,16,35,38,True,True,16,2,2,True,
2,Example_Files/Y.v22.txt,1174,22,18,20,40,40,True,True,20,2,2,True,
2,Example_Files/Y.v22.txt,1203,21,19,19,33,34,True,True,19,2,2,True,
2,Example_Files/Y.v22.txt,1215,18,22,16,21,24,True,True,16,2,2,True,
2,Example_Files/Y.v22.txt,1218,18,21,16,27,29,True,True,16,2,2,True,
2,Example_Files/Y.v22.txt,1227,18,21,16,27,29,True,True,16,2,2,True,
2,Example_Files/Y.v22.txt,1241,18,29,16,26,27,True,True,16,2,2,True,
2,Example_Files/Y.v22.txt,1242,18,28,16,29,32,True,True,16,2,2,True,
2,Example_Files/Y.v22.txt,1272,18,23,16,29,32,True,True,16,2,2,True,
2,Example_Files/Y.v22.txt,1279,20,19,18,33,34,True,True,18,2,2,True,
2,Example_Files/Y.v22.txt,1283,18,23,16,32,36,True,True,16,2,2,True,
2,Example_Files/Y.v22.txt,1311,18,21,16,26,29,True,True,16,2,2,True,
2,Example_Files/Y.v22.txt,1319,18,23,16,23,23,True,True,16,2,2,True,
2,Example_Files/Y.v22.txt,1320,18,24,16,28,29,True,True,16,2,2,True,
2,Example_Files/Y.v22.txt,1322,19,21,17,32,34,True,True,17,2,2,True,
2,Example_Files/Y.v22.txt,1323,20,20,18,33,35,True,True,18,2,2,True,
2,Example_Files/Y.v22.txt,1339,18,22,16,26,28,True,True,16,2,2,True,
1,Example_Files/Y.v22.txt,1344,20,20,19,32,34,True,True,19,1,1,True,1.0
1,Example_Files/Y.v22.txt,1347,19,22,18,32,34,True,True,18,1,1,True,1.0
2,Example_Files/Y.v22.txt,1370,18,23,16,30,32,True,True,16,2,2,True,
2,Example_Files/Y.v22.txt,1377,18,25,16,34,36,True,True,16,2,2,True,
2,Example_Files/Y.v22.txt,1383,18,22,16,29,30,True,True,16,2,2,True,
2,Example_Files/Y.v22.txt,1385,18,22,16,22,23,True,True,16,2,2,True,
1,Example_Files/Y.v22.txt,1397,18,22,17,29,30,True,True,17,1,1,True,1.0
2,Example_Files/Y.v22.txt,1398,18,22,16,26,27,True,True,16,2,2,True,
2,Example_Files/Y.v22.txt,1403,18,24,16,35,40,True,True,16,2,2,True,
2,Example_Files/Y.v22.txt,1424,19,21,17,30,31,True,True,17,2,2,True,
2,Example_Files/Y.v22.txt,1441,20,20,18,30,31,True,True,18,2,2,True,
2,Example_Files/Y.v22.txt,1444,18,21,16,31,33,True,True,16,2,2,True,
2,Example_Files/Y.v22.txt,1457,18,22,16,28,32,True,True,16,2,2,True,
2,Example_Files/Y.v22.txt,1462,21,19,19,31,32,True,True,19,2,2,True,
2,Example_Files/Y.v22.txt,1468,22,18,20,40,40,True,True,20,2,2,True,
1,Example_Files/Y.v22.txt,1476,18,21,17,26,27,True,True,17,1,1,True,1.0
2,Example_Files/Y.v22.txt,1483,18,24,16,29,30,True,True,16,2,2,True,
1,Example_Files/Y.v22.txt,1484,18,23,17,24,24,True,True,17,1,1,True,1.0
2,Example_Files/Y.v22.txt,1488,18,23,16,29,32,True,True,16,2,2,True,
2,Example_Files/Y.v22.txt,1489,18,24,16,25,26,True,True,16,2,2,True,
2,Example_Files/Y.v22.txt,1493,18,23,16,30,32,True,True,16,2,2,True,
2,Example_Files/Y.v22.txt,1498,18,23,16,32,36,True,True,16,2,2,True,
2,Example_Files/Y.v22.txt,1501,18,24,16,25,26,True,True,16,2,2,True,
2,Example_Files/Y.v22.txt,1502,19,21,17,32,34,True,True,17,2,2,True,
2,Example_Files/Y.v22.txt,1503,19,22,17,37,39,True,True,17,2,2,True,
2,Example_Files/Y.v22.txt,1505,18,23,16,32,36,True,True,16,2,2,True,
2,Example_Files/Y.v22.txt,1506,20,20,18,39,41,True,True,18,2,2,True,
1,Example_Files/Y.v22.txt,1507,18,23,17,28,30,True,True,17,1,1,True,1.0
1,Example_Files/Y.v22.txt,1519,18,23,17,24,24,True,True,17,1,1,True,1.0
2,Example_Files/Y.v22.txt,1525,18,23,16,29,31,True,True,16,2,2,True,
2,Example_Files/Y.v22.txt,1577,18,31,16,26,28,True,True,16,2,2,True,
2,Example_Files/Y.v22.txt,1582,18,23,16,22,23,True,True,16,2,2,True,
2,Example_Files/Y.v22.txt,1587,18,23,16,33,36,True,True,16,2,2,True,
1,Example_Files/Y.v22.txt,1589,18,22,17,28,29,True,True,17,1,1,True,1.0
2,Example_Files/Y.v22.txt,1598,18,22,16,30,32,True,True,16,2,2,True,
2,Example_Files/Y.v22.txt,1599,18,22,16,27,28,True,True,16,2,2,True,
2,Example_Files/Y.v22.txt,1608,18,21,16,27,29,True,True,16,2,2,True,
2,Example_Files/Y.v22.txt,1610,18,22,16,20,22,True,True,16,2,2,True,
1,Example_Files/Y.v22.txt,1613,18,22,17,28,30,True,True,17,1,1,True,1.0
2,Example_Files/Y.v22.txt,1614,18,22,16,29,32,True,True,16,2,2,True,
2,Example_Files/Y.v22.txt,1646,19,21,17,32,34,True,True,17,2,2,True,
2,Example_Files/Y.v22.txt,1675,18,21,16,28,29,True,True,16,2,2,True,
2,Example_Files/Y.v22.txt,1680,19,21,17,31,34,True,True,17,2,2,True,
2,Example_Files/Y.v22.txt,1683,19,21,17,32,34,True,True,17,2,2,True,
2,Example_Files/Y.v22.txt,1685,18,23,16,30,32,True,True,16,2,2,True,
2,Example_Files/Y.v22.txt,1689,18,22,16,23,23,True,True,16,2,2,True,
2,Example_Files/Y.v22.txt,1698,18,21,16,28,30,True,True,16,2,2,True,
2,Example_Files/Y.v22.txt,1706,18,22,16,28,30,True,True,16,2,2,True,
1,Example_Files/Y.v22.txt,1708,18,22,17,25,25,True,True,17,1,1,True,1.0
2,Example_Files/Y.v22.txt,1715,18,21,16,27,29,True,True,16,2,2,True,
2,Example_Files/Y.v22.txt,1720,18,22,16,24,24,True,True,16,2,2,True,
2,Example_Files/Y.v22.txt,1722,19,21,17,32,34,True,True,17,2,2,True,
1,Example_Files/Y.v22.txt,1740,18,22,17,27,30,True,True,17,1,1,True,1.0
2,Example_Files/Y.v22.txt,1759,18,22,16,25,26,True,True,16,2,2,True,
2,Example_Files/Y.v22.txt,1765,18,22,16,24,24,True,True,16,2,2,True,
2,Example_Files/Y.v23.txt,15,19,22,17,31,31,True,True,17,2,2,True,
2,Example_Files/Y.v23.txt,32,19,22,17,30,31,True,True,17,2,2,True,
2,Example_Files/Y.v23.txt,34,19,21,17,28,28,True,True,17,2,2,True,
2,Example_Files/Y.v23.txt,38,19,22,17,27,27,True,True,17,2,2,True,
1,Example_Files/Y.v23.txt,42,19,22,18,27,27,True,True,18,1,1,True,1.0
1,Example_Files/Y.v23.txt,51,21,19,20,30,30,True,True,20,1,1,True,1.0
1,Example_Files/Y.v23.txt,59,21,19,20,42,42,True,True,20,1,1,True,1.0
1,Example_Files/Y.v23.txt,60,19,21,18,36,36,True,True,18,1,1,True,1.0
1,Example_Files/Y.v23.txt,67,21,19,20,36,36,True,True,20,1,1,True,1.0
1,Example_Files/Y.v23.txt,68,19,21,18,30,30,True,True,18,1,1,True,1.0
2,Example_Files/Y.v23.txt,69,19,21,17,28,29,True,True,17,2,2,True,
2,Example_Files/Y.v23.txt,73,19,21,17,28,29,True,True,17,2,2,True,
2,Example_Files/Y.v23.txt,134,19,28,17,31,33,True,True,17,2,2,True,
2,Example_Files/Y.v23.txt,140,19,28,17,31,33,True,True,17,2,2,True,
1,Example_Files/Y.v23.txt,168,19,21,18,31,31,True,True,18,1,1,True,1.0
2,Example_Files/Y.v23.txt,172,19,21,17,30,30,True,True,17,2,2,True,
2,Example_Files/Y.v23.txt,174,19,23,17,36,37,True,True,17,2,2,True,
1,Example_Files/Y.v23.txt,203,19,21,18,31,32,True,True,18,1,1,True,1.0
1,Example_Files/Y.v23.txt,208,19,21,18,24,25,True,True,18,1,1,True,1.0
1,Example_Files/Y.v23.txt,211,19,21,18,26,27,True,True,18,1,1,True,1.0
2,Example_Files/Y.v23.txt,217,21,19,19,31,31,True,True,19,2,2,True,
2,Example_Files/Y.v23.txt,221,19,22,17,31,33,True,True,17,2,2,True,
1,Example_Files/Y.v23.txt,230,20,20,19,34,35,True,True,19,1,1,True,1.0
2,Example_Files/Y.v23.txt,233,19,21,17,24,25,True,True,17,2,2,True,
1,Example_Files/Y.v23.txt,234,22,19,21,43,43,True,True,21,1,1,True,1.0
2,Example_Files/Y.v23.txt,261,19,22,17,33,33,True,True,17,2,2,True,
2,Example_Files/Y.v23.txt,268,19,22,17,31,31,True,True,17,2,2,True,
2,Example_Files/Y.v23.txt,274,20,21,18,34,34,True,True,18,2,2,True,
2,Example_Files/Y.v23.txt,275,20,19,18,33,33,True,True,18,2,2,True,
1,Example_Files/Y.v23.txt,278,19,21,18,26,26,True,True,18,1,1,True,1.0
2,Example_Files/Y.v23.txt,283,19,21,17,30,30,True,True,17,2,2,True,
2,Example_Files/Y.v23.txt,285,19,21,17,33,34,True,True,17,2,2,True,
2,Example_Files/Y.v23.txt,288,20,20,18,35,36,True,True,18,2,2,True,
1,Example_Files/Y.v23.txt,311,19,21,18,30,31,True,True,18,1,1,True,1.0
1,Example_Files/Y.v23.txt,328,20,20,19,33,34,True,True,19,1,1,True,1.0
2,Example_Files/Y.v23.txt,341,21,19,19,32,32,True,True,19,2,2,True,
2,Example_Files/Y.v23.txt,348,21,19,19,38,38,True,True,19,2,2,True,
1,Example_Files/Y.v23.txt,349,19,21,18,32,32,True,True,18,1,1,True,1.0
2,Example_Files/Y.v23.txt,350,19,22,17,36,37,True,True,17,2,2,True,
1,Example_Files/Y.v23.txt,378,19,21,18,27,28,True,True,18,1,1,True,1.0
2,Example_Files/Y.v23.txt,380,19,22,17,35,37,True,True,17,2,2,True,
1,Example_Files/Y.v23.txt,389,19,22,18,29,30,True,True,18,1,1,True,1.0
1,Example_Files/Y.v23.txt,394,19,22,18,32,34,True,True,18,1,1,True,1.0
2,Example_Files/Y.v23.txt,405,19,29,17,28,30,True,True,17,2,2,True,
2,Example_Files/Y.v23.txt,407,19,30,17,29,30,True,True,17,2,2,True,
2,Example_Files/Y.v23.txt,432,19,29,17,26,30,True,True,17,2,2,True,
1,Example_Files/Y.v23.txt,469,19,21,18,30,32,True,True,18,1,1,True,1.0
1,Example_Files/Y.v23.txt,473,19,21,18,27,28,True,True,18,1,1,True,1.0
1,Example_Files/Y.v23.txt,481,20,20,19,27,28,True,True,19,1,1,True,1.0
2,Example_Files/Y.v23.txt,488,19,22,17,37,37,True,True,17,2,2,True,
1,Example_Files/Y.v23.txt,493,19,22,18,30,30,True,True,18,1,1,True,1.0
2,Example_Files/Y.v23.txt,500,19,23,17,35,37,True,True,17,2,2,True,
1,Example_Files/Y.v23.txt,510,20,20,19,33,34,True,True,19,1,1,True,1.0
1,Example_Files/Y.v23.txt,512,19,21,18,28,29,True,True,18,1,1,True,1.0
2,Example_Files/Y.v23.txt,552,19,30,17,31,33,True,True,17,2,2,True,
2,Example_Files/Y.v23.txt,561,22,24,20,39,40,True,True,20,2,2,True,
2,Example_Files/Y.v23.txt,562,20,26,18,31,32,True,True,18,2,2,True,
2,Example_Files/Y.v23.txt,564,20,20,18,34,35,True,True,18,2,2,True,
2,Example_Files/Y.v23.txt,581,19,21,17,32,33,True,True,17,2,2,True,
1,Example_Files/Y.v23.txt,583,20,20,19,34,35,True,True,19,1,1,True,1.0
1,Example_Files/Y.v23.txt,585,19,21,18,26,27,True,True,18,1,1,True,1.0
2,Example_Files/Y.v23.txt,586,19,23,17,34,34,True,True,17,2,2,True,
2,Example_Files/Y.v23.txt,590,19,21,17,30,30,True,True,17,2,2,True,
1,Example_Files/Y.v23.txt,592,19,21,18,28,28,True,True,18,1,1,True,1.0
1,Example_Files/Y.v23.txt,610,20,20,19,33,34,True,True,19,1,1,True,1.0
1,Example_Files/Y.v23.txt,613,19,21,18,32,32,True,True,18,1,1,True,1.0
1,Example_Files/Y.v23.txt,614,20,20,19,33,34,True,True,19,1,1,True,1.0
1,Example_Files/Y.v23.txt,621,19,21,18,31,32,True,True,18,1,1,True,1.0
2,Example_Files/Y.v23.txt,623,20,19,18,32,32,True,True,18,2,2,True,
1,Example_Files/Y.v23.txt,636,19,22,18,30,30,True,True,18,1,1,True,1.0
2,Example_Files/Y.v23.txt,637,19,22,17,27,27,True,True,17,2,2,True,
2,Example_Files/Y.v23.txt,639,19,22,17,27,27,True,True,17,2,2,True,
2,Example_Files/Y.v23.txt,654,19,30,17,28,30,True,True,17,2,2,True,
1,Example_Files/Y.v23.txt,671,20,20,19,34,35,True,True,19,1,1,True,1.0
1,Example_Files/Y.v23.txt,673,20,20,19,34,35,True,True,19,1,1,True,1.0
1,Example_Files/Y.v23.txt,696,19,21,18,28,28,True,True,18,1,1,True,1.0
1,Example_Files/Y.v23.txt,697,19,21,18,27,27,True,True,18,1,1,True,1.0
1,Example_Files/Y.v23.txt,707,19,21,18,29,29,True,True,18,1,1,True,1.0
1,Example_Files/Y.v24.txt,5,21,20,20,36,36,True,True,20,1,1,True,1.0
2,Example_Files/Y.v24.txt,6,20,21,18,33,33,True,True,18,2,2,True,
1,Example_Files/Y.v24.txt,10,20,21,19,32,32,True,True,19,1,1,True,1.0
2,Example_Files/Y.v24.txt,19,20,27,18,32,33,True,True,18,2,2,True,
2,Example_Files/Y.v24.txt,20,20,28,18,33,34,True,True,18,2,2,True,
2,Example_Files/Y.v24.txt,30,20,28,18,27,30,True,True,18,2,2,True,
2,Example_Files/Y.v24.txt,74,20,20,18,24,24,True,True,18,2,2,True,
1,Example_Files/Y.v24.txt,79,20,20,19,28,28,True,True,19,1,1,True,1.0
1,Example_Files/Y.v24.txt,81,20,20,19,34,34,True,True,19,1,1,True,1.0
2,Example_Files/Y.v24.txt,82,20,20,18,34,34,True,True,18,2,2,True,
1,Example_Files/Y.v24.txt,85,20,20,19,34,34,True,True,19,1,1,True,1.0
1,Example_Files/Y.v24.txt,86,21,20,20,40,40,True,True,20,1,1,True,1.0
1,Example_Files/Y.v24.txt,87,20,21,19,37,37,True,True,19,1,1,True,1.0
2,Example_Files/Y.v24.txt,91,20,20,18,36,36,True,True,18,2,2,True,
1,Example_Files/Y.v24.txt,94,20,20,19,28,28,True,True,19,1,1,True,1.0
1,Example_Files/Y.v24.txt,95,20,20,19,28,28,True,True,19,1,1,True,1.0
2,Example_Files/Y.v24.txt,110,20,20,18,33,33,True,True,18,2,2,True,
2,Example_Files/Y.v24.txt,117,20,28,18,29,30,True,True,18,2,2,True,
2,Example_Files/Y.v24.txt,119,20,27,18,30,30,True,True,18,2,2,True,
2,Example_Files/Y.v24.txt,132,20,20,18,32,32,True,True,18,2,2,True,
2,Example_Files/Y.v24.txt,138,21,25,19,31,32,True,True,19,2,2,True,
2,Example_Files/Y.v24.txt,141,21,26,19,36,37,True,True,19,2,2,True,
1,Example_Files/Y.v24.txt,147,20,20,19,39,39,True,True,19,1,1,True,1.0
2,Example_Files/Y.v24.txt,151,20,20,18,24,24,True,True,18,2,2,True,
2,Example_Files/Y.v25.txt,3,21,27,19,30,30,True,True,19,2,2,True,
2,Example_Files/Y.v25.txt,28,21,25,19,32,32,True,True,19,2,2,True,
2,Example_Files/Y.v27.txt,2,23,23,21,42,42,True,True,21,2,2,True,
